ID,77ио,2.8ио,Match
03G4JSrRcujJ9wPS,1,0,FALSE
04mgyjiCigmAoluZ,1,1,TRUE
05ad80z5CZRObBBA,1,0,FALSE
062NmdraXnW8nAe5,1,0,FALSE
06DskJagnykx6YHd,1,0,FALSE
07IsNnXYD3DDvg8N,1,1,TRUE
07jbI9wgSoqCGw7I,1,1,TRUE
08hDYtGFqLSSv0wb,0,0,TRUE
09nkQSjAK85fWap7,1,0,FALSE
09p0xJrSPskAlyKk,1,1,TRUE
0AaY7LpIpk6qx84i,1,0,FALSE
0AEDoK2ET1WjgJ54,1,1,TRUE
0AUciMQ3fA4MIRW8,1,0,FALSE
0ay9ThMrjTjDEBU0,1,0,FALSE
0biUYINavPjnFX2F,1,0,FALSE
0bsmUgf2CK2vNf0T,1,0,FALSE
0cAtMkozwSE0uKFj,1,0,FALSE
0CXowtCaVKKdjx3P,1,0,FALSE
0d92o8s8oaqA2t3t,1,0,FALSE
0DgXFb5XZKxHW1nT,1,1,TRUE
0dRvjv0QqpHoiuEY,1,1,TRUE
0E7dzwc9kyDJ1YsS,1,0,FALSE
0F09euOGF6AhSSlg,1,0,FALSE
0f2aXtqrne0RkkfZ,1,0,FALSE
0f8EWK6ACg50u1fR,1,0,FALSE
0feJ9iYGRXUeF8uW,1,1,TRUE
0Fi4mi7eXQYI9jXc,0,0,TRUE
0FkRBy4EsiExALre,1,0,FALSE
0FVQy1ZtDc93HEkd,1,0,FALSE
0g7NDRYBmJAVFNcW,1,0,FALSE
0gZGKTTEuAheRIXx,1,0,FALSE
0IF7so1OCFUMsP9M,1,0,FALSE
0ifuzCbLWJyFw6e4,1,0,FALSE
0IMOQk9cXOeTer8Z,1,0,FALSE
0ivUqEY4hUOgtyoc,1,0,FALSE
0jBCL2Mmapb5sHBN,1,0,FALSE
0JIKXEfOn8z4N3ND,1,0,FALSE
0JKH6UxYsVxEzjao,1,0,FALSE
0k5am83Cuzj97JIX,1,1,TRUE
0k6Ux6bemiKlRN3u,0,1,FALSE
0KfN090imDL0WIz7,1,0,FALSE
0kjcdMd6Fy8TaPoq,1,0,FALSE
0kqg8SFfZoxpJhoO,1,0,FALSE
0L6YKezHWK7JyExY,1,1,TRUE
0Lka34sVJqhgchhA,1,1,TRUE
0lqHFK7dOjL1mZ8o,1,0,FALSE
0M0s062O1HbhYBfL,1,0,FALSE
0mRjWE3bcON1Bqlc,1,1,TRUE
0N4NpPlnNCcvhcFX,1,0,FALSE
0Na3lsNQccAlyy32,1,1,TRUE
0NrOkJWdBXVIg3XS,1,0,FALSE
0nV7GNFZzdepTqE5,1,0,FALSE
0NZpKCd5leTzvNi2,1,0,FALSE
0ppeKeFBWqSLOtMo,1,1,TRUE
0pq8t7BnIbtQ7jIt,0,0,TRUE
0pts9l1dRP2coaBF,0,0,TRUE
0qEPZMOHPY4UZaYL,1,0,FALSE
0qIUGaBVeayiZSjC,1,0,FALSE
0razGp3HSMVY2nP4,1,0,FALSE
0rNEK8WsqM2fcTH5,1,1,TRUE
0rwxrtwEAPyyMU4Q,1,0,FALSE
0ry0IsQYtJQmrfqt,1,0,FALSE
0RZQ1FmM55nY5Cdu,1,0,FALSE
0s2DYLd4fxvhn2Ra,1,1,TRUE
0sFCulyr9Xy7UGyS,1,1,TRUE
0SiKQqKdJNHoqsQO,1,1,TRUE
0tBwDqIjXsNzGwlN,0,0,TRUE
0th6wcwWVVadPIlt,1,0,FALSE
0tHoLhuakmrlv7s8,1,0,FALSE
0U22dCji1CEyvruX,0,0,TRUE
0UDWPqeH71mcMAiB,1,1,TRUE
0UJLeiZYWjCj5Ale,1,0,FALSE
0uQBJ9HfpgqqgEeU,1,0,FALSE
0UUOxjrYlX9UHTcU,1,0,FALSE
0vH2JJanIghrUc7x,1,0,FALSE
0vsMDHkYcYKrJobA,1,0,FALSE
0WjEe4BGnesIxPWJ,1,1,TRUE
0WJyHCXshmdljBcA,1,0,FALSE
0wUvKB90dI8OxwC8,1,1,TRUE
0x2fZ4uYxFbKyiYq,1,0,FALSE
0xAc3fvfTc14XNPG,1,0,FALSE
0xJEH6fvfpuAJZMs,1,1,TRUE
0XnDfX4ZnNn40QDX,1,1,TRUE
0xvqI96fXUVbLSyw,1,0,FALSE
0XW9vd8LebSbKUqf,1,0,FALSE
0YAiaDOkzbqvfcc8,1,0,FALSE
0yDwExZb8sO3WFEG,1,0,FALSE
0YWqY2SQyzP87ctH,1,0,FALSE
0ZAa3ysXhowcZAvR,1,0,FALSE
0zDaPYKCJyfh6Qnt,1,0,FALSE
0ZtDzL834etPuyj9,1,1,TRUE
14IshVTarZJrlpMG,1,0,FALSE
16vNndZTSve9weYU,0,0,TRUE
16wH0HxQAzY6FYRQ,1,1,TRUE
18IKP7ILIbu4BqPh,0,0,TRUE
18z89eGIapqsheRH,1,0,FALSE
19h9T7yDgQlkUKzM,1,1,TRUE
1A6HkFm92QLtXzEF,1,0,FALSE
1AaWBgdaVKG99Pbk,1,0,FALSE
1AXD1WMsS33KsjVh,1,0,FALSE
1AYR9jAdKEG5wTAO,1,0,FALSE
1az7HwCralfdrzuA,1,0,FALSE
1b2GKiOlE3UXdKwT,1,1,TRUE
1BcMkcsn76OleL6i,1,1,TRUE
1bfYPyF85cEy76S0,0,0,TRUE
1Blv376KMtAfcrUL,1,0,FALSE
1C2Qd9owGASd2lJa,1,0,FALSE
1cGHg4SdjzywNZET,1,0,FALSE
1Ci7qNwJ5mrJqajY,1,0,FALSE
1dAfrn0l23zjiX9Y,1,0,FALSE
1dGkGKf35K05yBMc,1,0,FALSE
1DTG9UkuO9GLyFrO,1,1,TRUE
1E4H6Xib1xLrvgeJ,1,1,TRUE
1E9btva213yaWQA7,1,1,TRUE
1eA9BF1aw6yY1zEC,1,0,FALSE
1EjMM90W5S6Vb6Wm,1,0,FALSE
1EMLyRLhkpi6mxSN,1,1,TRUE
1eq9Mc7AJRNx7WNG,1,1,TRUE
1ESyBteiXVhBVdee,0,0,TRUE
1fdl7G8BDf18zNBD,1,0,FALSE
1FSMnoMGf3cuprAT,1,1,TRUE
1G4x2zkSoiNKqr2O,1,1,TRUE
1giRFoEdHPsJWE5E,1,0,FALSE
1H61w499EBdoX1gW,1,0,FALSE
1HieivywYqmQEn3h,1,0,FALSE
1hqUiAwbFqmuKfxk,1,0,FALSE
1HYYldY3ud7XOQ3l,1,0,FALSE
1I3mQiATsfgyxuDg,1,1,TRUE
1IQ8EiwUMbqDUjEr,1,1,TRUE
1jlcyK8eOjpgwYTr,1,0,FALSE
1jsRgLbyGP0pUTqE,1,0,FALSE
1JtLmiYDOtqz9tBU,1,0,FALSE
1k1Lh4CFcD6JoLn6,1,0,FALSE
1K2MflNWSV4EYC1i,1,0,FALSE
1k3OlS8elRKanXPx,1,0,FALSE
1kOYPfFJvI3MSAVd,1,0,FALSE
1MKOUTMWll0xahNP,1,0,FALSE
1mSapq6ueak5K3Mz,1,0,FALSE
1mSIzjScsXdh8IRE,1,0,FALSE
1nJmGm8qzyxVKtuS,1,0,FALSE
1NqiuT1tXjbYJurI,1,1,TRUE
1NrsMRnyHdbMrsLk,1,0,FALSE
1OjFb42wMMH4i0QV,1,0,FALSE
1Ow9QX59k0T6B3cZ,1,0,FALSE
1pMfAUIqFaF6vBIO,1,0,FALSE
1qhjW0owKkRvuH4a,1,0,FALSE
1QTucvRv8FdY2SQn,1,0,FALSE
1R8vxVKbuU3hZ1Cd,1,0,FALSE
1rrwJCEYAClXLtRR,1,0,FALSE
1ruSzPtYifo5PmR5,0,0,TRUE
1RvKHCy7hQDB06kj,1,0,FALSE
1RyAExzotMC7qGsM,1,0,FALSE
1scd4i31iys625p7,1,0,FALSE
1si0tCYf2eznaLOD,1,0,FALSE
1tkdG6cKvV2K1Mqm,1,1,TRUE
1U65JvmbALrrZGmC,1,1,TRUE
1uQLpmTMaDgOmphh,1,0,FALSE
1v7IJJkQLbqWzp7g,1,0,FALSE
1VrXqoB0k0r5jleL,1,0,FALSE
1vupRSkTQwIHZkJ9,1,0,FALSE
1w6qnJteJMDIbNuP,1,0,FALSE
1wg2cHUDmvmhKfM0,1,1,TRUE
1woxwYDG7z2FWFMo,1,1,TRUE
1YaTcWQPYp4HNSEt,1,1,TRUE
1ZRCiWrOHWhEsa51,1,1,TRUE
223YHkfq9ds1vAyK,1,0,FALSE
229SP4MgQDx1MG4j,1,0,FALSE
23rTm86KK0gA4Yek,1,0,FALSE
23yJDuQrs2Dkpko3,1,1,TRUE
248O373zlOZohvDM,1,0,FALSE
24FNfXMZmUQGIQAI,1,0,FALSE
24iuJ3hWy7NuXHan,1,0,FALSE
24wlaTnxtuDHzQKy,1,0,FALSE
25axzkLAdaKbOvDN,1,0,FALSE
25SRm7dpUAjRhGwE,1,0,FALSE
25TgPmj9b0EjZTKT,1,0,FALSE
26dG9CNGmZ1a4yOW,1,0,FALSE
26ykEmmEdcCTNeMT,1,1,TRUE
2744OcVrMERlGVP2,1,0,FALSE
28EghUiTqEfnvPjP,1,0,FALSE
28jg2PBHPjRxhxrh,1,0,FALSE
28Y3VzEeQ6bTVFIc,1,0,FALSE
29dUd6z10RzT7hD3,1,0,FALSE
29HSRJSZYGhO6ZLx,1,1,TRUE
29w5ycgr60otyVIL,1,0,FALSE
2DQQrMe2zTcXpKcd,1,1,TRUE
2fuWq6x8a8LIsitZ,1,1,TRUE
2izfUoocIIJpuPxj,1,1,TRUE
2loGrJTu9GD0zQkM,1,1,TRUE
2n3NrJ13Z2GRoV0s,1,1,TRUE
2nsUPNB69hfUcfMp,1,1,TRUE
2SPT13nEYvEjN4Vt,1,1,TRUE
2uC9twL4avvRZSHl,1,1,TRUE
2v7VWCplhCJDUwKM,1,1,TRUE
2XYFEpuEq1z2tXy1,1,1,TRUE
31NBMOLnvGzy4Xik,1,0,FALSE
31SoVP7V42xOI7ht,1,1,TRUE
31zJcrx52TrfqIwp,0,0,TRUE
32lLDb9ZAMombed5,1,1,TRUE
32MilrxjecYVmGCG,1,0,FALSE
33datRsyuaIzgWR4,1,0,FALSE
33IQg0ahLqPRs5p1,1,1,TRUE
33kJe66aS73JNq8W,1,0,FALSE
35BIAqxV75rdYMQt,1,1,TRUE
35OHqoLuZkdEDzHs,1,0,FALSE
36RcV5F3o3osvMHi,1,0,FALSE
36UoQ6sO1wo8iO9f,1,0,FALSE
37JHfRTmOODyYIjZ,1,0,FALSE
38TKOodJMp95YZyO,1,0,FALSE
3aEI0PbpZhFx3y2y,1,0,FALSE
3aMx4zl4CRRXpZwd,1,1,TRUE
3bEQX8mhiQIuGyw9,1,0,FALSE
3Bg5eDAPFDX9hC6V,1,0,FALSE
3bIuuMi3Btd6sMsN,1,1,TRUE
3bO1prZ9K6xgxCVS,1,0,FALSE
3ck5qW7CFAtWb5EJ,1,0,FALSE
3D2Nu4Az9KASo2M1,0,0,TRUE
3Dgi7tpjLsUYYSO6,1,0,FALSE
3DTcTtIEWpPCq0xU,1,0,FALSE
3eiItPXhrGhbghQY,1,0,FALSE
3Ej8TP0fSS6VbExC,1,0,FALSE
3EnBe5xqr0gygwyR,1,1,TRUE
3FiQGqAL7FoC50t0,1,0,FALSE
3gLqwdeGzHXH0LW1,1,0,FALSE
3HOPbupoknO6PXNh,1,0,FALSE
3hZzfhcodbTE1rQR,1,0,FALSE
3iCcU2TyCr7YQsf5,1,0,FALSE
3iMrTsv6IDsgmSX8,0,0,TRUE
3IQ9GY0xem0NbuFI,1,0,FALSE
3jWwYOi9Eb6fmuGL,1,1,TRUE
3KeZrH0Z3W6rBghD,1,1,TRUE
3kgvdxq8ofg3qatu,1,1,TRUE
3kH8Xr4GP5IjriZA,1,0,FALSE
3L3psP58enPNbWkm,1,0,FALSE
3la9hIEV5RsGOuMt,1,0,FALSE
3lYvv3e3D49QAGgG,1,0,FALSE
3MhewOW3FwPQwzkP,1,0,FALSE
3Mxq89L9UUPsbkw8,1,0,FALSE
3n5AK2oizuj9AG2g,0,1,FALSE
3nabyXBiPvnjduMc,1,1,TRUE
3O5xK5045W8R2M4H,1,0,FALSE
3OJRe8CfXKZlmAn3,0,1,FALSE
3OZ3JysdbDhzxdMw,1,0,FALSE
3PjEcMvPtwhVCWdM,0,0,TRUE
3ptUp1JbyCmQPH6k,1,1,TRUE
3QCiwaLevUzBfW6G,1,0,FALSE
3qGYdv6GRIJj0tQM,1,0,FALSE
3qkyyQ3qAuCTN61V,1,0,FALSE
3rCh2HygqrObgFKW,1,0,FALSE
3RJo7kMjNqCOaYo7,1,1,TRUE
3rP1eWzsg9FtRHac,1,1,TRUE
3sab0xuWGtGoEKb3,0,1,FALSE
3SBTYwrikLuMBYGs,1,0,FALSE
3SluZbZsgt7CeuUo,1,0,FALSE
3toPH7Ia5JmGbaOc,1,0,FALSE
3tUhYh7zkCCYDldV,1,0,FALSE
3u0q3edS5ZnksGdV,1,1,TRUE
3u8BZG3TYyIhWGbL,1,0,FALSE
3UNNTu0k8bCjqEYZ,1,0,FALSE
3Up2UEDb3XyrPZGm,1,0,FALSE
3ve6BWIfHtteiUPR,1,0,FALSE
3vgLkg8aDDA2M7Zy,1,0,FALSE
3WjNBEybwz8Gwyza,1,0,FALSE
3wLaVjUr7RKrQJVj,1,0,FALSE
3X1utFzxA6Pjppyr,1,0,FALSE
3X6B2SnnItXCwBgi,1,1,TRUE
3XFaE2ksbkERtNhW,1,0,FALSE
3xLeVhwrVamJh49e,1,0,FALSE
3xUgbj25dcwHnigu,1,0,FALSE
3Xyu5w87T7EUG89Y,1,0,FALSE
3Y9YwOLOCzeYmOdy,1,0,FALSE
3ypoj5E33yjxZSSP,1,0,FALSE
3Z3aT4pxUW1O1CFP,1,0,FALSE
3zEt4UUsi8GYJNbs,1,0,FALSE
3ZkPwKRi591yjRrm,1,0,FALSE
3ZQ9UcmOp0bB7tlM,1,0,FALSE
3ZVFXichrJSw3ja6,1,0,FALSE
3zWpoHjolwd1JKSI,1,0,FALSE
40sZIwwqmqAnnlNd,0,0,TRUE
413fx5AJFRcuSoHu,1,1,TRUE
41IsFScLUJ3EHoLu,1,1,TRUE
43qnelzz6GOj7G38,1,1,TRUE
45Bpm5fTTna6gUjM,1,0,FALSE
45yHIXfY180egVr9,1,0,FALSE
45Zt3gJjlt8ZI6Q8,1,0,FALSE
46i5HvSUHUsnXtpT,1,0,FALSE
47HxAnbb3DzbWJVa,1,1,TRUE
47IUoZ5jZCG36Atk,1,1,TRUE
47YFWEyKbjmMiKSy,1,0,FALSE
49fyOYrDdiJj7Izn,1,0,FALSE
4a2KCwygiXlC88sQ,1,0,FALSE
4AFx4DNrl8Sxvpx0,1,0,FALSE
4BEzdH7fL2WuE4ax,1,0,FALSE
4Cg87WN50pwgIoCy,1,0,FALSE
4ckB5J1hHpBNEKD9,1,1,TRUE
4DdcntLKVxOqOvhM,1,0,FALSE
4DdDs3C1mj6CvoOH,1,1,TRUE
4DTO7JjSWwp3BvJ1,1,0,FALSE
4EaXHIVqgaHgYpdF,1,0,FALSE
4eSU6pDlMVDDNHAU,1,0,FALSE
4f4f8zWubZmUSkL4,1,0,FALSE
4f5O969hVwraBj4j,1,1,TRUE
4fILjNBAbR0GwROI,1,0,FALSE
4FWVP9FDxXOqUmlK,1,0,FALSE
4fwzrueS0GceOnFG,1,0,FALSE
4g2HV2d3xxabGKUW,1,1,TRUE
4g7vWXMqV9MwofJd,1,0,FALSE
4GYRbvC8c10rmFZa,1,0,FALSE
4HzWKCbVnpCM3Dhi,1,0,FALSE
4iDaRlkeObnmeplu,1,1,TRUE
4jjX6fHuNUFMRm8U,1,1,TRUE
4jq6ONs8FVccuu5w,1,1,TRUE
4jSkv9GUn5A6zL1N,1,0,FALSE
4JX52ZMbJFfZ2PCe,1,1,TRUE
4K2a33SxUqz8zuR8,1,0,FALSE
4kbF6qYMxUTmRe0t,1,0,FALSE
4KeKyOxoseEWojju,1,0,FALSE
4KuWMPpurXt85Te5,1,0,FALSE
4KX7lj8laOTd53U0,1,1,TRUE
4KZNH3VX1s3pvgO5,1,0,FALSE
4KZnIuNUDCZlEuec,1,0,FALSE
4kzYYYYgiSRCz0Np,0,0,TRUE
4MCt6VO3fMsWpe6u,1,0,FALSE
4Mv70KZZaXGPZ8Tz,1,0,FALSE
4Ndw5AiC41hfQcPi,1,0,FALSE
4NdYypuHHp7Pnpcx,1,0,FALSE
4nNbwO4zittEub83,1,0,FALSE
4NOuhoHxI0InXyvr,1,1,TRUE
4nQJyqSioEN0YlmB,1,0,FALSE
4NWpPsrrWZeNCbVI,0,0,TRUE
4nWQdegWcQm2RBxv,1,1,TRUE
4o1jA9uQfCoufFTF,1,0,FALSE
4O9AkNMMRsNebuLX,1,0,FALSE
4OW7I52Ob9vq11wR,1,0,FALSE
4ozrXEGLcMBkpKfP,1,1,TRUE
4P6PJjjnQwhRuTdT,1,0,FALSE
4pOvmWLMoNPzpmA6,1,0,FALSE
4qHwGD4iDAqPs21w,1,1,TRUE
4QhzpFr4eEYSrE2I,1,0,FALSE
4Qy8L73bAoY6MLAN,1,0,FALSE
4r6ZKc4pfbAmt6AX,1,0,FALSE
4r7l69k7A4jNvfqs,1,1,TRUE
4ra174AF0LfB3lVR,1,1,TRUE
4RHOBFh0HPotu0hY,0,0,TRUE
4RI8t2RGoev7agOo,1,1,TRUE
4RjGQxyk9NCOHHao,1,0,FALSE
4ruVttfWiYbUkaox,1,0,FALSE
4rX5pLn85Te421nr,1,1,TRUE
4SiWvF9hjfVBXKL3,1,1,TRUE
4SPpz2TtOu1WdtWa,1,0,FALSE
4tC4ztxDhhebu8rQ,1,0,FALSE
4tnx9JjWJzz6bzrz,1,0,FALSE
4TuMzwiAG3lxKmpR,1,0,FALSE
4tw585qGd0tRYpu2,1,0,FALSE
4u9d7BHT1ngUV60M,1,0,FALSE
4uFdyfSh6ZJoPEJu,0,0,TRUE
4VC6gHBJN4HReD6S,1,1,TRUE
4VcfcTIAms5wqjW6,1,0,FALSE
4vUCvMhqMOUcw71y,1,0,FALSE
4VUkpsHOPeKzGRwz,1,0,FALSE
4wheT0eN5h7tsyQa,1,0,FALSE
4wQjZfPQhIWBXIDH,1,0,FALSE
4WS8VbNSEsvuLsYS,1,0,FALSE
4x1ngHJVij4lQ00S,1,1,TRUE
4YdYI8ype7BG4bPL,1,0,FALSE
4yzRIQYu6tUQKHjg,1,0,FALSE
4Ze4F673CSeHKl3n,1,0,FALSE
4ZG9edgdeTnx8KUW,1,1,TRUE
4ZqzMNgq7LDsmFgu,1,0,FALSE
4zWeXKQxumJO61Q3,1,0,FALSE
527OEZRy17bekyWF,1,0,FALSE
52w1eVdUz6qALmDf,0,0,TRUE
538gEd5RrG2nca3X,1,1,TRUE
53C85QSAm3Xyofza,1,1,TRUE
53lRAwgo2PfPPjLw,1,0,FALSE
53ZzqNjl4phPcfj3,1,0,FALSE
54ymXRyFTj1V6w3u,1,0,FALSE
55ONRULKHy8We4wd,1,1,TRUE
55OTkJcB9sPeiHKS,1,1,TRUE
55vg0i6ctgLBbfRo,1,0,FALSE
56H2jmRRflLByv6l,1,0,FALSE
56pezQsSq9VmCvii,1,0,FALSE
56WlSz7dpscxt2dn,1,1,TRUE
574h8kEu5fkhGOtn,1,0,FALSE
59SxjzhxRO9HOZRQ,1,1,TRUE
5a4ftHxRMh9X3LdO,1,0,FALSE
5bCCsYzbDQqoKJTl,0,0,TRUE
5BI1Y8WYNF6euh6R,1,0,FALSE
5blshqDDXgvkEOz9,0,0,TRUE
5Bwl4YjmjJfZg9DZ,1,1,TRUE
5C1901rO66tGQo1Y,1,1,TRUE
5CtElMfPRxK8avGo,1,0,FALSE
5ebWNHaZuvfHgVO5,1,0,FALSE
5erkoNxPNjt5ChKy,1,0,FALSE
5ES4MlyJjm2kUJos,1,0,FALSE
5exs2MS6pbInd4G0,1,0,FALSE
5EzQhxzYGTsJpSzx,1,0,FALSE
5G6LYG9TpjqLKWKq,1,0,FALSE
5gj433xEwqkXwXPU,1,1,TRUE
5gYGb1HDgLWOCxMz,1,0,FALSE
5hLPoH9KNSA5JF9V,1,1,TRUE
5hMo5dqIYteoTV5p,1,0,FALSE
5IPg3wbV1owwRY0E,1,0,FALSE
5j7tGARFyK3PhCac,1,0,FALSE
5jGmNSetkIHyBpnD,1,1,TRUE
5K4zZGprO0Z3T49a,1,0,FALSE
5KEjPprD30CjOycb,1,0,FALSE
5LbqH6QrRci7OgBr,1,1,TRUE
5LzSb172AcUK94sC,1,0,FALSE
5nHTEV5SM0taftdU,1,0,FALSE
5nLCLfB11bdaej77,1,0,FALSE
5nyp9Baf88qOuYjA,1,0,FALSE
5oeSki7ZTDOJulUc,1,1,TRUE
5Oj8ux0mL71gqSdc,1,1,TRUE
5p9VwzHIo8BiAfn8,1,0,FALSE
5PcV6JLlZeqd0Zv6,0,0,TRUE
5pEcaniTMr3z9fXX,1,0,FALSE
5Q6rnBUyqupAZKK5,1,0,FALSE
5qAygbZg8X4k0fvb,0,0,TRUE
5qnbXBYfs4ntepLd,1,0,FALSE
5R3wbNKLnYQ5ETWN,1,0,FALSE
5R9wBlG0QkOIERHW,1,0,FALSE
5RC7loj1FnG9tx22,1,0,FALSE
5RUwnUMfU7U7CBb9,1,0,FALSE
5rywIAi2BjqGLWhJ,1,1,TRUE
5SdCkhgocSnH1g4Y,1,0,FALSE
5Sof7vLNuwVU0zFN,1,0,FALSE
5tFSSRi5rsthhFXH,1,0,FALSE
5tU9CRMac6icsJSW,1,0,FALSE
5TWrrGZHdtUiBgAS,1,1,TRUE
5URa3VHFqWkIP5PA,0,0,TRUE
5UxZklkJC6DULJc3,0,0,TRUE
5V028NsprDjIjD41,1,0,FALSE
5V4JhbsR5Sh5T7Um,1,0,FALSE
5vi0ZSZr5724QDJz,1,1,TRUE
5vujFyLDJNbSDB1S,1,0,FALSE
5w5WG4knGoewGECQ,1,0,FALSE
5WPaLeXZnAEVBrel,1,1,TRUE
5xH96ZWuEMqb9Ns7,1,1,TRUE
5ZoGYz2eQz7HzzdD,1,1,TRUE
5ZOmKBlJfQS2HvD0,1,0,FALSE
5ZZKCJEge3o9ty3a,1,0,FALSE
6179hsDBi6EmduXY,1,0,FALSE
61UxVLhwZqDEbUxx,1,1,TRUE
62IqY7ycev2ZBDy7,1,0,FALSE
62JrhgHeoi49aEeD,1,0,FALSE
642kLTAwKC51ezws,1,0,FALSE
642RpOEA61iGUBNw,1,0,FALSE
64wPeJTixVh4BhlS,1,0,FALSE
64XWn1xlqaP65tHk,1,0,FALSE
65FpQHdfw4ytYx3s,1,1,TRUE
66zsW2F7GOXtN1tw,1,0,FALSE
67UUv5VyifScXYZ1,1,0,FALSE
68DMrFJQkkTOxlbb,1,0,FALSE
69hvbnLWWZ8QgxTM,1,1,TRUE
6b9qQom74dUAVAFw,1,0,FALSE
6bqFu2bk2Ka6OUG3,1,1,TRUE
6bVm0Hn8Nj21KSOu,1,0,FALSE
6DfxsKp74WclQFjv,1,0,FALSE
6dZxU4uaWZhOt1dh,1,0,FALSE
6F5LQpaSjNFQHoMb,1,0,FALSE
6f61WnC3OVx0cUrp,1,0,FALSE
6FkfnEfS7MWY7xjr,1,0,FALSE
6GzM51seqo6asAPK,0,1,FALSE
6HD7rsk5gN1KeJ2G,1,0,FALSE
6Hn2yaamz0n3nJMG,1,1,TRUE
6hRSr0J3NDfDN223,1,1,TRUE
6HUJAjwFsMkdJnLB,1,1,TRUE
6j2DViXvrT6TKtwK,1,0,FALSE
6jfvNqqkY4YGsUjA,1,0,FALSE
6KO769c6hattJ193,1,0,FALSE
6krL5JF5LKAZP7EQ,0,0,TRUE
6KrxHVwSq3HhtvIl,1,0,FALSE
6KT3SxT5feC7KkN5,1,0,FALSE
6lDCHxjg4Mq9rDe1,1,0,FALSE
6MbCc4dyv9DGJrcn,1,0,FALSE
6Mo9VhJZcUYtq6qr,1,0,FALSE
6n9n5XVCJpUPfkPU,1,0,FALSE
6Ngl8Bz1I3rKod78,1,0,FALSE
6nIvVb7Y31Ng08Im,1,0,FALSE
6NOnEiMdVzAeUzKi,1,0,FALSE
6O9RwBsf2FRH2DOR,1,0,FALSE
6OcWC66kCoVAxdjn,1,0,FALSE
6P7T3zkKh6ydL1Wx,1,0,FALSE
6PEJSu5l8WiddF79,0,0,TRUE
6QkR1C6wVAsW09ou,1,0,FALSE
6QxmGUU5s4sry9Sg,1,0,FALSE
6ril0f1aWZy3umT8,1,0,FALSE
6rQXCIS1usOltTqv,1,0,FALSE
6s3gvQWv0QIn8LHt,1,0,FALSE
6t2j30Pa7h1iQ5mt,1,0,FALSE
6VcDwzDT9KFefWTX,1,0,FALSE
6vSqrClb3WWY3Cr9,0,0,TRUE
6WdfHFq15Py6VIrN,1,0,FALSE
6Wp2nZdcAOvb9M2K,1,0,FALSE
6wT5FvmZyhMtCuU7,1,0,FALSE
6xHpM5J26QKkJWqo,1,0,FALSE
6yCI9VQiTQNJkjjM,0,0,TRUE
6yLOlD8w7yAM22cz,1,1,TRUE
6YWR68MRS607VAf1,1,0,FALSE
6z28mO2xqgHg4MYy,1,0,FALSE
6zTzJLFAqqrzJuan,1,0,FALSE
714ZCPSkpbOculRE,1,0,FALSE
722DEBGIIlx9YXiP,1,0,FALSE
73QodfhbKXA1sJ2o,1,1,TRUE
73Rr8xhaEwmjaeBV,1,0,FALSE
74CLAELYXFmMJSKL,1,1,TRUE
76jnfz8Ph8YQGgrK,1,1,TRUE
774WrB0MrkQHWCJH,1,0,FALSE
784TfPmhrjs0vvH9,1,0,FALSE
78j3hvLlLc5iQYDo,0,0,TRUE
78Yrnj9nqAGnrUvv,1,0,FALSE
79aLWH4lyMnyI8Ns,1,0,FALSE
79VfSrV800M4jHcm,1,0,FALSE
7acOc9LjjPxNscUm,1,0,FALSE
7aJvXIszoMvza2eJ,1,0,FALSE
7bdxqlaEKGjhXYR2,1,0,FALSE
7bIuhL2hEcR0r6AH,1,0,FALSE
7BoVcWn4lG2Y2JPI,1,1,TRUE
7CK3z7w0kAwV2VwL,1,0,FALSE
7CrnniFhkDlypP1i,1,0,FALSE
7cryMO1rC5xUbQKN,1,0,FALSE
7d1S77feOX0Kbmrv,1,0,FALSE
7DiwvVjxM50BSUBE,1,0,FALSE
7DLGDoEAXPv6NvNc,0,0,TRUE
7ebu9J5ctvcwalku,1,0,FALSE
7ECEAZfNfQbVch8C,1,0,FALSE
7eD9vpuDm5fR6qcg,1,0,FALSE
7EWUS4laLjn20dX8,1,1,TRUE
7Gr3csrgdFfdirf3,1,0,FALSE
7GTS5lb8FjYSdcnP,1,0,FALSE
7GuBTZ2JxzYtbPdQ,1,1,TRUE
7h0dhe0b8iwi30VV,1,1,TRUE
7HLTnXkzxvr5qf6G,1,1,TRUE
7HUTClDEv4qvWQDt,1,0,FALSE
7IcgVRqwDFN2M4gZ,1,1,TRUE
7ifEruIzn8EF760H,1,0,FALSE
7Iu79ENrjmY4WumD,1,1,TRUE
7iwBuemqEImhy1kR,1,0,FALSE
7IXAdEQXCw5GIlrc,1,0,FALSE
7JC1iB5LLGwGg8bE,1,0,FALSE
7Jlnq9ZWM9xjAtvh,1,1,TRUE
7KfgQ9jOSJmsXSrq,0,0,TRUE
7LbZyBySeadMAVM7,1,0,FALSE
7lFvXrMJvSzdQTyl,1,0,FALSE
7lWxzHK3KFoyvva1,1,0,FALSE
7LXaGbu3BKV52Kls,1,0,FALSE
7m3lgvBXgdmyWTHa,1,1,TRUE
7M82UQhlJSYEc2P6,1,0,FALSE
7M9SK2DSdY0SN8Fd,1,0,FALSE
7mHCkAW0Q2WDLAva,1,0,FALSE
7mYZaPnx607seNdh,1,0,FALSE
7n4QL3RLBLs2Ce2J,1,1,TRUE
7NVOllm5emojsLoy,1,0,FALSE
7NWZ3whxptMA1l2H,1,0,FALSE
7nxpgwk0YzMHw5X4,0,0,TRUE
7o49iQuXPeauOaRn,1,0,FALSE
7OC9k4aGbIRRFKOI,1,1,TRUE
7ojxOAC4QeKL7Xti,1,0,FALSE
7OnTHkyrdtnFaNWr,1,0,FALSE
7PA6zeO7uzvZVP3N,1,0,FALSE
7QFSXTNG2YVdYPto,1,1,TRUE
7rrpIqwBgyZj2Xvr,1,1,TRUE
7sbEHPe9QxTMPG3X,0,0,TRUE
7SZJBTdKyWSpzeKM,1,1,TRUE
7T1ip43czbl8StxP,1,1,TRUE
7tDv4dgls2hszCxV,1,0,FALSE
7tEhMHsMICkkOpfW,1,0,FALSE
7TEITMCvyajLCiBl,1,0,FALSE
7u9KyDG6t29QFiil,1,0,FALSE
7UbV59XStrYw9Vlm,1,0,FALSE
7ukkwV9wCm1S3k3P,1,0,FALSE
7UWUUPxNIQioHfPS,1,1,TRUE
7v0soqcji0qwOoWl,0,0,TRUE
7vbPBBqzNvU2rZha,1,0,FALSE
7VRr3t9RBzZuvMGD,1,1,TRUE
7VY4g6kl1PKOa329,1,1,TRUE
7WfWckfB1158Gl6K,1,1,TRUE
7WlpYEJzWUKFvqOA,1,0,FALSE
7WRSyWFnEg6otNcb,1,0,FALSE
7wuxGc4stHSe1WaC,1,0,FALSE
7Xas2CmgFpPrrnNk,1,0,FALSE
7Y23iNZMZ5Xua2TF,1,0,FALSE
7yS6QxJqHhzY9wj6,1,0,FALSE
7YtO7VKA8yFBkDSO,1,0,FALSE
7ZH43fkDWq5ziUf5,1,0,FALSE
7zrc8ydGnOiWnXYr,1,0,FALSE
7zujnZ69XGen5oIs,1,0,FALSE
80bSh3VAziMDyM8D,0,1,FALSE
80REUkwO7uZ0WzJK,1,1,TRUE
81ceTO350zT5zoJ4,1,1,TRUE
81FUae8yo3JaXOrk,1,1,TRUE
823OU9dr5xWYGGkN,0,0,TRUE
82A4USzv36QuIInV,1,1,TRUE
82kOfi2t2Hat3BiN,1,1,TRUE
84FbKqQ3Lmx2Iwbi,1,1,TRUE
84O1bVPAvq5JQSFe,1,1,TRUE
87wQVtfDHaO1orco,1,1,TRUE
88kupr1hWvgqMoAh,1,1,TRUE
88PMbEoICFzIjkOv,1,0,FALSE
88yjBdpG4pHNIZuo,1,0,FALSE
89R7OdlPf4LGrsih,1,0,FALSE
89YzgqM6fREZi4GV,1,1,TRUE
8a6Xx5dPHi5Vf0S9,1,0,FALSE
8APiTLoPlTUv0Lc0,1,0,FALSE
8Ar2FdQ1hY9uHqMH,1,0,FALSE
8aTNcpyE4auyX6nc,1,1,TRUE
8AYz0QoxsBgJw2kw,1,0,FALSE
8CgZ1FHI5XzS6izU,1,0,FALSE
8d3uym9O18c87j4F,1,1,TRUE
8dU4Blw4KY2xfbNO,1,1,TRUE
8EJ5zm1PAv5nYU3G,1,0,FALSE
8FChsjXb3rJG4mCD,1,0,FALSE
8FgYKK0cUe8hklkl,1,0,FALSE
8FOgffV6zRZCnT04,1,0,FALSE
8fwbizg7vyyN2O7U,1,0,FALSE
8gOBxdaVqADWSM9e,1,1,TRUE
8gs8ANgY0hs32c0Y,1,1,TRUE
8h1BfbxDExUBviJu,1,1,TRUE
8hGloKUjtn3F3tK1,1,1,TRUE
8HRrGo7BTPtY1k9T,1,0,FALSE
8IkRA5FWCWFqyzxi,1,0,FALSE
8irE7zNiiqC6O8Jc,1,0,FALSE
8iUniO6rFYUpTQhh,1,1,TRUE
8JGsnktTQD5R6CHe,1,0,FALSE
8jqLLgf1zuiInOk6,1,0,FALSE
8jy2MqEFeul98TXG,1,0,FALSE
8KfEpMqG53g4QIJs,1,1,TRUE
8KSfaoHMy5DLfY0d,1,1,TRUE
8l1Poku9e94cRuxX,1,0,FALSE
8lgPOZzkmiM2FNOY,1,0,FALSE
8LOGHu5wuJNV2OYK,1,0,FALSE
8mKuwEydSOyg1DqA,1,1,TRUE
8Nnc5PcMsI87JThV,1,0,FALSE
8o0syFhYPYsktaee,1,0,FALSE
8O92nfaKta8IBRHG,1,0,FALSE
8OFmFBrODTyRUceO,0,0,TRUE
8PPjFRsxRRmG8DRg,1,0,FALSE
8QBqXu2AJlLUCzFE,1,1,TRUE
8qECufvPQk8ePDBo,1,0,FALSE
8qMyExcmYCB6AZdS,0,0,TRUE
8qyOJ5jitsEZvd0A,1,1,TRUE
8rFBEYqmzkNCLQ08,1,0,FALSE
8rGGAOEDjbket3Uc,1,1,TRUE
8s9q3sswIJFMkl1l,0,0,TRUE
8SRYBWjrdKFXl3zf,1,1,TRUE
8SWRuuGZsihVtgec,1,1,TRUE
8tnf7c2xQdRydr75,1,1,TRUE
8UjUACpz7krh8cVL,1,1,TRUE
8UsIWPFfegq2WG9D,1,0,FALSE
8VQAjJvq3jj8Q0FC,0,0,TRUE
8xKemhUvtnFrwawA,1,0,FALSE
8y5LTthZLuXBCWsq,1,0,FALSE
8YaeAN3rvj9bfjyf,1,0,FALSE
8YJTBu9eqU97YABc,1,0,FALSE
8YxH6heT3RG8YDRH,1,1,TRUE
8Zd7orC9nNTiDUfA,1,1,TRUE
8ZyuSrHYQYJUIqxo,1,0,FALSE
912kT0NR6Urqg1bt,1,0,FALSE
93TKQUOEMLHCGmuO,0,0,TRUE
96KN0sSDgjJwP8gt,1,0,FALSE
98kJHSl9Fc8kB0so,1,1,TRUE
99HT5WhHBaMF9E9s,1,1,TRUE
9A5uR7WbmU9msBzZ,1,1,TRUE
9As9siXofIWkljUo,1,1,TRUE
9bbyaPt6hrjXbND9,1,0,FALSE
9BoZHRaarstOf2Ee,1,0,FALSE
9ceNB7cyQwCauwxm,1,1,TRUE
9cj7lil1hCSKNxUc,1,0,FALSE
9d2e5eTaXLZNwYBd,0,0,TRUE
9dJQ5vb3c14UxYWp,1,0,FALSE
9dY1L1bgIkUEYe6P,0,0,TRUE
9e2nLzoMvNJnerLU,0,0,TRUE
9EFNvLa2tUE6LEZr,1,0,FALSE
9f6Y7MmvpT2tD2cY,1,0,FALSE
9f9bF21ntTfJv5tp,1,1,TRUE
9GD4zqblS7LMkdTR,1,0,FALSE
9Gd55VCbhCe43wnD,1,1,TRUE
9gJlyhdZ9WqSTZKO,1,0,FALSE
9gKuH3dDew0UgWKM,1,0,FALSE
9GmUyLDSmAsArCTL,1,0,FALSE
9Gt7RgrauzlzR701,1,1,TRUE
9h7RsS2Dtpp6H20k,1,0,FALSE
9h8CBfEq9UIuzbzz,0,0,TRUE
9HeivQuxgvxIx41g,1,0,FALSE
9IbCNa2Uq5e5fnBg,1,0,FALSE
9iGJI96nCgYnzPMC,1,0,FALSE
9JaMVArzevgFgCUN,0,0,TRUE
9JLcviMiVumddcVR,1,0,FALSE
9JVvFvUh9GoTy3Tz,1,1,TRUE
9kCNiAGzHogCMWck,1,0,FALSE
9KduLDtK8q7jp1LO,1,0,FALSE
9kf0nnU6aWpGy1pT,1,0,FALSE
9KQslyacpcymbRKL,1,0,FALSE
9KQvYicWZVZD1jNu,1,0,FALSE
9LFXOP8L8lrcr8hR,1,1,TRUE
9lMifH8eevMBn0J7,1,0,FALSE
9lmUBYxI9cRl9u8B,1,0,FALSE
9lQkqHTT98yCeBrh,1,0,FALSE
9LYg6IfHKDDCEWdw,1,1,TRUE
9Mglw5eP751Oc7go,1,0,FALSE
9MGzPWbNzf5xelqP,1,0,FALSE
9Ms9cwfQBsiZCTJD,1,0,FALSE
9msUT5m8BfKaNVnx,0,0,TRUE
9MX0FHeyIw1hjc7y,1,0,FALSE
9NjtZUdACFPZGx9l,1,0,FALSE
9nrNHRWMoty3CfJ2,1,1,TRUE
9nttsRHSNuH85brn,1,0,FALSE
9nYd9IhJY0Mkfg7F,1,0,FALSE
9OgMgcadXGhm3JBp,1,0,FALSE
9Pm72HsukHpbVsb6,1,0,FALSE
9pOsrJjcoBggb7Sw,1,1,TRUE
9PyVW2UZxEkXIItq,1,0,FALSE
9Q21IamDl3c7W5Hh,1,0,FALSE
9qMnx5pb67JVvl5z,1,0,FALSE
9QPbGwUUWuQtEy5H,1,0,FALSE
9r0p9mto2Rpbqrl6,1,0,FALSE
9RPgvihszV6UCwkK,1,1,TRUE
9SOLSWWboMxvBFDm,1,0,FALSE
9tLqS62Q6y1f1StI,1,0,FALSE
9TNTN69jskx7nxNQ,1,0,FALSE
9TRUSKP9CHTobMRn,1,0,FALSE
9u3gQ2trCVJQyYjz,1,0,FALSE
9UvMPeejfJMKQlkv,0,0,TRUE
9V2ms4mzIJYe7r07,1,1,TRUE
9v8k22VgxXe0bJsU,1,1,TRUE
9vOP3DwfbeW5oYdG,1,0,FALSE
9w2sg7c1TAwosWKm,1,0,FALSE
9wGWu9kIt8T6IArP,1,1,TRUE
9WHbT3TrNZQbmyYa,1,0,FALSE
9wNRdoGi6yD1sVZy,1,0,FALSE
9XxKNqpMeqbYmuIY,1,0,FALSE
9YeIex2j5SVKvpE0,1,1,TRUE
9yMDtMqNptcmCguz,1,0,FALSE
9Yp7S495RFExvcmO,1,0,FALSE
9zkPA53UkCTDRJZo,1,0,FALSE
9zvRuzj5GJgyjCyS,1,0,FALSE
A0pnxnu6vW7vjY88,1,0,FALSE
a0RFCModjXdidtNT,0,0,TRUE
A0Y26dLThxmyPzDr,1,0,FALSE
a1eAGN1VXapLekso,1,0,FALSE
a1mD7aCd2fUyz0MC,1,0,FALSE
A1sxYBUHhFRYTPoh,1,1,TRUE
A1yYvG58Q4ODEI0e,1,1,TRUE
a1zROFhQRsTDoMbA,1,0,FALSE
a34K2mQ0uJNwYjST,1,1,TRUE
a39FdAgU0A26RovN,1,1,TRUE
a3MllLUm8uwnxTw1,1,0,FALSE
a3xsIqFLlcQDuvq5,1,0,FALSE
A42CjvnDmYn8PsBP,1,0,FALSE
A4rpipdB6q4m3GIy,1,0,FALSE
A4YffGguwhlRB5pz,1,0,FALSE
a57mCYYiM9EJM3xe,1,0,FALSE
A5bglf5Vocnco322,1,0,FALSE
a5LgI7uQC3dImBu9,1,1,TRUE
A5s391609JL7DZz3,1,0,FALSE
a6l0FoLM2nCANo4i,1,0,FALSE
A6YcgZfwgWDKJhT5,1,1,TRUE
A6Z7ymMwtTUTohyV,1,0,FALSE
a6zQguQRq8QwmBC9,1,1,TRUE
A77omjpNMFcH8wmh,1,0,FALSE
A7pyl3j0AYCy8tMn,1,0,FALSE
A7rL8pHBJN3QaQZg,1,0,FALSE
a8bxYmy91NVbxpoP,1,0,FALSE
A8n2BmK4aNpT5Nzo,1,0,FALSE
A9enO5BuxR9xyJrQ,1,0,FALSE
a9VnubfIbeAGWYLL,1,1,TRUE
AA8eICUhG8rjUgr1,1,0,FALSE
aAdJMzh7sEFNPra4,1,0,FALSE
AAUxDqAT94lgxhz7,1,0,FALSE
AaZHAeEjfjjJMzN5,1,1,TRUE
AazsC3U3uY26mtsg,1,1,TRUE
abfhmPxKNQJ9a0sH,1,0,FALSE
ABOG5IkejGChpEpT,1,0,FALSE
ABPK705FncieHdG2,1,0,FALSE
ABPPbzJ0RygIO5OH,1,1,TRUE
aBrbJctmRsLxivSG,1,0,FALSE
aCaESBeMDHSHg9Sq,1,1,TRUE
AcfBcFCpDGDvxGWu,0,1,FALSE
AcmiXVK1oqNyCXX8,1,1,TRUE
ACoXLdAfWpngYmxe,0,0,TRUE
ActWN6oeLE1FGFan,1,0,FALSE
aD7lttDQuDgaLJ8B,1,0,FALSE
adbZvM2lCzhWH0FR,1,0,FALSE
aDe5WYFWFQAG0BxY,1,1,TRUE
ADSKgWPZWMiOuNDl,1,0,FALSE
adSXwBWj7TdhwemU,0,0,TRUE
Adxc3xtYGiEvUeA4,1,0,FALSE
aDYBL61fBQkrvSgS,1,0,FALSE
Ae3ecjA7aEbX9wZn,1,0,FALSE
AEeIbJIJJ5uFpiRK,1,0,FALSE
af0IgeeGSfePFNTM,1,0,FALSE
AF9ktVSLWNLxX4B9,0,0,TRUE
afu4IfZ680Nr0CzK,1,0,FALSE
AfXQ1ZcBZmp7ZgKz,1,0,FALSE
AG4SpMIldaDvaZ9U,1,0,FALSE
Agca3Hc8BFRuZo5Y,1,0,FALSE
AGd9ln3DCdRdAssU,1,0,FALSE
AGMhaZrzLF9UkQI0,1,0,FALSE
AGzYVeIHsmAVXx9d,1,0,FALSE
AH6Ro6Vd78oKSVvl,1,0,FALSE
aHcz3yumy0o431c0,1,0,FALSE
AHhU4SqNuCm39h9T,1,0,FALSE
aHoyQrK5oZIT568D,1,0,FALSE
aHXl8TvwBzlAui22,1,0,FALSE
Ai2jYeqwAdanJkJU,0,1,FALSE
Ai9MSr3dzOglTKaS,1,0,FALSE
AiAXWUgmbwuZWLQI,1,0,FALSE
AICdrBDXs0efzrHh,1,1,TRUE
AiEN6GeQV05gsFsp,1,0,FALSE
AiravitjCVi739Bx,1,1,TRUE
aj0IGKBzCqAfKA6P,1,1,TRUE
Aj8k2Fhc5cd10JJd,1,0,FALSE
ajJR92mCX71ss1kJ,1,1,TRUE
aJl0d3pUMo8vLmBc,1,0,FALSE
AjND4nxcXVYa1HT2,1,0,FALSE
AJRdohZ6fRpFIzsF,1,0,FALSE
ajrQCwIpBQaGkXXW,1,0,FALSE
AjVXNOBsWHlSM5fL,1,0,FALSE
AjXrDnjnIk9jE0sd,1,0,FALSE
aKbSgcb4tzOpHgMh,1,0,FALSE
AkfyVSz0D6e5ypw1,1,0,FALSE
AKGokvMSKoYaQWc3,1,0,FALSE
AkM5NWw5lKEn2VMh,1,0,FALSE
AlDba1PaUTTnpKUS,1,0,FALSE
aLKIQaID9eFCLqqy,1,1,TRUE
ALWVaevsCsy1fSa1,1,0,FALSE
aM0evE41ugBAw1de,1,0,FALSE
amHZliAHG7ClyuDH,1,1,TRUE
AMijf7OJySFDvZuE,1,0,FALSE
AMnLhv4Uigqb5pSA,1,1,TRUE
aMr5ADlDvjqnzMoW,1,0,FALSE
AMSf3ekA0z3cFnbN,1,0,FALSE
amtI0tST7GptXdHb,0,0,TRUE
aMwyJIhTEyOlSITf,1,0,FALSE
AnA0FiSnO9RQgXLS,1,0,FALSE
aNBFsVREQsVDOOwb,1,0,FALSE
aNOPd5g4gNnNQrF9,1,0,FALSE
anT69bTTzoGiKIWe,1,1,TRUE
aNYU3g8Meo6FxkXD,1,0,FALSE
aOG6pAaHQ0rOSF7L,1,0,FALSE
AolUgEDzhsClkqye,1,0,FALSE
aOov8U96O9Yspohj,1,1,TRUE
aOPrToNlnVYBRhja,1,0,FALSE
AoQ2gCjKbGLfuaWP,1,0,FALSE
AoYkkUud3X4MOxg9,1,0,FALSE
aoZmkbdqVb0J2g2s,1,0,FALSE
AOZQZ9mTaCj0xCW9,1,1,TRUE
ApGHjrdcYed1NcBP,1,0,FALSE
aPkPjdnuM41GVSQU,1,0,FALSE
ApMo5pj26HApUITv,1,0,FALSE
APnlOKlI7RJoEqWA,1,1,TRUE
aPyAnPN5z9dvRZsG,1,0,FALSE
aPzTxXXMxVEokBg4,1,0,FALSE
aq0Yr7ZCUT4xF8AI,1,0,FALSE
AqJ1WugdunFFkLW2,1,0,FALSE
AqRGhFXsgIAI45lA,1,1,TRUE
aR3RcdHNqwGZHaJx,1,1,TRUE
aRB7lzjgspCCoL1P,1,0,FALSE
ArbA0teOhsnLUNGb,1,0,FALSE
ardatEwiIQsiR6Fk,1,0,FALSE
AreL14S973dAqyU0,1,0,FALSE
aRIyV4dnshlPVHYG,1,0,FALSE
aRj2OYo17zxojo7f,1,0,FALSE
ArjLOgNHMAOKFE61,1,1,TRUE
aRKDKev6FxzehsET,1,0,FALSE
aRTWEbz8SrF0YsjH,1,0,FALSE
As0HdYyhXaZo8aBs,1,1,TRUE
aS9dACwvMawFe97P,0,0,TRUE
aSptvo8pMSlGoTrI,1,1,TRUE
AT9xORZK12ez6L2y,1,1,TRUE
aT9zd1gLWZr0MtuY,1,0,FALSE
ATJQZpKUuBoerUIb,1,0,FALSE
aTL2qaZSFrc77AKx,1,0,FALSE
au1cXY5VPW0BcrnE,1,0,FALSE
aU6pvg29JGsNf0pS,1,0,FALSE
AUbBMIwAppcbhSRR,1,1,TRUE
augHmXWArYFnq7m1,1,0,FALSE
aUPqRU7Oj7bpINdA,1,0,FALSE
AuxbvMHJbghkIkHC,1,0,FALSE
AVACtSPmFf5wbCBe,1,1,TRUE
avIWyJe2HjDyTPom,1,0,FALSE
aVldQLElS5RD4yZS,1,0,FALSE
AvM23eH3ILjY7lAw,1,0,FALSE
AVN2esib3u6GGFvK,1,0,FALSE
Aw3bokWZnGxT4Xwh,0,0,TRUE
Aw675LH60AYCgVzc,0,0,TRUE
aWgtb5OGaBeEpKWJ,1,0,FALSE
AWHY9nLQEzuveq0B,1,0,FALSE
awUJrmFRzequs5OD,1,0,FALSE
AWVXZd9G2ZazRCJs,1,0,FALSE
aX5NHegglDMlpJR6,1,0,FALSE
AxJsTsnrAMx8chNh,1,1,TRUE
axP7N5dDBpG251Ez,1,0,FALSE
AXzEm11UHmZW3rYS,1,0,FALSE
ay2anFqS7fPT4wp7,1,0,FALSE
aY6dCFUDzh0E9hY0,1,0,FALSE
aYAt0o1z3p2l5t53,1,0,FALSE
aYG1PhCBcgafDOcl,1,1,TRUE
ayJc0BZudgC52Qnh,1,0,FALSE
AyQgpDNqwCv0IOW8,0,1,FALSE
AYrtWco8c0E4jPZm,1,0,FALSE
aYsXQYTboZf9ThIe,1,0,FALSE
Ayxql00ft8Ubt5nv,1,0,FALSE
Az9CXSuEEGaJgjpA,1,0,FALSE
AZEsUxevJBMOFpta,0,0,TRUE
azfWaZXcmWlWAJ1k,1,0,FALSE
AZKI2R2g73qXdsUK,1,0,FALSE
azrZqQioEXzMpq4R,1,0,FALSE
azSFTkU33EgfHbB2,1,0,FALSE
AzV3YmLuAjrFoDPZ,1,0,FALSE
b0QVFJDIOcBHiIMc,1,0,FALSE
B12DbqEHOLx14PQV,1,1,TRUE
b18DWx53KVbZq75r,1,0,FALSE
B1ccD0KRh68zvDIs,1,0,FALSE
b1FEbPHK10GhtxD5,1,0,FALSE
b1Fz6ZmdYYkVeDpe,1,0,FALSE
b1gwNLdQNrHLV3eO,1,0,FALSE
b1IN65nH9jCb58KL,1,0,FALSE
B3LQ8jKoVwIYL1bd,1,1,TRUE
B4EEEIQoXjZE7CUo,1,0,FALSE
B4MuogOr5TNqvQ2Y,1,0,FALSE
b4OujqiRqjihMYnE,1,0,FALSE
b5BxFgn9A2Y3g3xH,1,1,TRUE
B5Pujb6QP5T5XjRt,1,1,TRUE
b6AMgPdyCLft0V50,1,0,FALSE
B6cNKqoAmrIyGp9Y,1,0,FALSE
B6EhC2TPKFiP8iZH,1,1,TRUE
b6G6xL9qLKqH3IjC,1,0,FALSE
B6HjBB4LXJRxwrFo,1,0,FALSE
b6LWKvPUrSzWgVkW,1,0,FALSE
B6xV1ExSCzBkLwNw,0,0,TRUE
b7JoqQzOWgJTVpbh,1,0,FALSE
b80MAKFYwI9Vmbl9,1,0,FALSE
B8lj55UnXJl9zJf8,1,1,TRUE
b8tFMEXLR7ppM2BV,1,0,FALSE
B9taR7AvL5mLs2kH,1,0,FALSE
B9z5fQen6RbK7Qgo,1,0,FALSE
BAJTGI90BhdxYfgc,1,1,TRUE
Batf4boQlV4zO9T7,1,1,TRUE
BaXjLIBXewI17CMx,1,0,FALSE
BAZE2CPpMoQTLsyT,1,0,FALSE
BBUBWzQ7Jh2ZWIDc,1,0,FALSE
bbzbeWwI3t6NvgNB,1,0,FALSE
BC2rWeqJrGQUr4Un,1,0,FALSE
bc7uw8bMzvhHEPfg,1,0,FALSE
BCbcPuYmx8vxOsF0,1,1,TRUE
BCcvA850PE4PgTSr,0,0,TRUE
BcdPScbMfugFMqn6,1,0,FALSE
BCK7pGk94PxxjTEF,1,0,FALSE
BCmZnaLLcumn7Id6,1,0,FALSE
bCpWWWN06bUSXJ3U,1,1,TRUE
bCqzMJWusp6im2Hq,1,0,FALSE
bCrw5oxUcxWHV2dX,1,0,FALSE
BcsuihzeysHcqlpY,1,0,FALSE
BcVzkcwnDg68QdsI,1,0,FALSE
bd7kBwnSgJ7x7jrR,1,0,FALSE
BdDO2EqgGDqX53Gu,1,1,TRUE
BdLRv2tQ17U9LbOn,1,0,FALSE
bE6BHxUtuetHdSGq,1,0,FALSE
BE6gIsSaXh15YWcF,1,0,FALSE
BE6o18SMDBDXiQW8,1,0,FALSE
be8zBodcPdBQfx8x,1,1,TRUE
bEfRAirea2qLbWIW,1,1,TRUE
beJQSMT2Qhvjjayy,1,0,FALSE
BeUWYBoD0MMAQfFo,1,0,FALSE
BEVz241KSMpMDZWB,1,0,FALSE
BEWFMVGsfq0WEbuI,0,0,TRUE
BF0f7pYJTHOdl2Do,1,0,FALSE
bFa8oN6s5r1evcxk,1,1,TRUE
bFGGAW1X0hQept3v,1,0,FALSE
bFU9Q0wIAvd8uC5q,1,0,FALSE
BGIeQtodbWJTJWAx,1,1,TRUE
BGUvCr842fTlZKCy,1,0,FALSE
BgZuxuDSC5Kis7wW,1,1,TRUE
bHCJctlXSZIJf7v1,1,0,FALSE
BhdcozKKDckHPgNm,1,1,TRUE
BhkFBCY42zW3RthN,1,0,FALSE
BhkVVDN4kbYI6N0O,1,1,TRUE
bHOgyLk16NeiYhnb,1,1,TRUE
bi7fpzlurywg67cF,1,1,TRUE
BI8KcUb6F8xqSLW7,1,0,FALSE
bICdZwh3gx8XR83a,1,0,FALSE
biLqWwofs3lvXfXr,1,0,FALSE
BiQhZKFXosyDofvq,0,0,TRUE
BiUfZBOaF3WxUKq7,1,1,TRUE
biUxjiTqJT1pgxEv,1,0,FALSE
BIZdkPkNor24r18y,1,0,FALSE
bjfcPHrtLAqJVD3k,1,0,FALSE
BJfP7eQkDRP0S4VR,1,0,FALSE
BjJ7d0CNRwyGdAU7,0,0,TRUE
BkHCQpGokqt7rKqm,1,1,TRUE
BkjasGslk7OpikDe,1,0,FALSE
bkJqXVLpj5XD8WTL,1,0,FALSE
Bkjy6AxyONZHPF7C,1,0,FALSE
BklR3T5KwNb8xiSh,1,0,FALSE
BkojTWf2XtVHDpLe,1,1,TRUE
bkTCbDkbh7NO4OH6,1,0,FALSE
BKtGWs7ZZ7bSMNuH,1,1,TRUE
BkWCYFcCSmnmhFti,1,1,TRUE
BLE61WZgSqqvTJfG,1,0,FALSE
BLYX7areLeDyxV87,1,0,FALSE
bmeuGzQc95g8Pdff,1,0,FALSE
BMiD3VN4WhZ9fYOF,1,0,FALSE
bmiE8PAEtlkitnwK,1,1,TRUE
BmJO8JllN6whuWnG,1,1,TRUE
BMQav6yC4C4kPp9M,1,0,FALSE
bmxfN33y8eKPDlf3,1,0,FALSE
Bn2NUMdVoRH0Xf7a,0,0,TRUE
BnEkspXsZY2WFixp,1,0,FALSE
BnM1bsqTod6hcqXe,1,0,FALSE
BnrKuZmMOIVSu7fY,1,0,FALSE
bnRZpbBU2tED59ii,1,0,FALSE
BnYkUq1xiXqR2iIn,1,1,TRUE
BNzSXl7Rx4mEr82Q,1,1,TRUE
bog3RBxzPXTnE1WB,1,0,FALSE
BoiE3H5M5wxcuTZW,1,0,FALSE
boXCEslGUJQEvpZe,1,0,FALSE
BPkVkvztDRyEMRlG,1,1,TRUE
bPn1kxUK1RQvcMKZ,1,0,FALSE
bpUouYaEfH667U91,1,0,FALSE
BQ2NKwZusS5yXO2A,1,1,TRUE
BQ7ex1jKcMw4HuWo,1,0,FALSE
BQE4h9fXOL4QDR3Y,1,0,FALSE
bQS345mLNuvRMjeP,1,0,FALSE
BrhX8gSQMc1MCeNe,1,0,FALSE
bRIaJaXNWoess3Wj,1,1,TRUE
BRwGCI1cCYdEqUPn,1,0,FALSE
bs3ISByMitG6OuWo,1,0,FALSE
BsIJiWeH9LRau8A3,1,0,FALSE
BSNvCueKGv5pRdB2,1,1,TRUE
BTC9vRAtmEOI7NTu,1,1,TRUE
btidvnZ2BY1pHRjp,1,0,FALSE
bTnk81MDzStuLQ5Q,1,0,FALSE
Btu9ioPxT8xEjxlA,1,0,FALSE
bUGOsBAslkiVppX5,1,1,TRUE
buHVaYV4CBG7i5lp,1,0,FALSE
BuKjYC7lmk4nxuna,1,1,TRUE
BUw2iba7lajlcFhh,1,0,FALSE
BUY6t9R7uhjn3SBi,1,0,FALSE
BVj5ukZ5LyGoGjr9,1,1,TRUE
BvUUB8SGmx8lLbwu,1,1,TRUE
BVvIKzOIemrUPZdy,1,0,FALSE
bvyjHhf7xPpTqSY8,0,0,TRUE
Bwb9wnLuPENcq2Uq,1,0,FALSE
BwvOKQbOjmvAx53T,1,0,FALSE
bx8yiyR2qEYgyvuU,1,0,FALSE
bxhd3rtHIvYyljbQ,0,0,TRUE
bXzj7h4EMSVHQgiJ,1,0,FALSE
bYayxoovfIlhgQKT,1,0,FALSE
ByCe7ufbdPxFv1VO,1,0,FALSE
bycOld6pDGI4RjqL,1,0,FALSE
byMgzgQnSfYLEVlH,1,0,FALSE
BynfxntWCA3wpaCa,1,0,FALSE
BynRV9VwwWlhGET3,1,0,FALSE
BzIthtTueSpFnh5S,0,0,TRUE
bzOSB6Id1m1PyHXa,1,1,TRUE
BZszrBtJIZ7ELTRM,1,0,FALSE
C053VQPoC8ZsRRA6,1,0,FALSE
C0Hl8tW76DjagteA,1,0,FALSE
c0nk0AjM7wjNMbaz,1,0,FALSE
c0u6YUfvpyk3tDMp,1,0,FALSE
C16yxNHiIFHX9HWU,1,0,FALSE
C1AzCMRcmzDHIj55,1,0,FALSE
C1LrgpfpEzZlznwH,1,0,FALSE
C1N6ntqoDMZRRJgd,1,1,TRUE
c2JL4bKeVkHpGYF1,1,0,FALSE
C2S4iX1BLQ3Y3vnx,1,1,TRUE
C3RlVO3GswVzmTG2,1,0,FALSE
c4rwD0XnBbqNqU2k,1,0,FALSE
c4rWSymUboGZPoeW,1,0,FALSE
c52dEcw7tXD0wZCE,1,0,FALSE
C56NK0PgMbKkv9oo,1,0,FALSE
C5dxN3khpSw7SyTX,1,0,FALSE
C5huR3JL7AIdGXvU,1,0,FALSE
c5Ky5iiNMfsa51p3,0,0,TRUE
C5Meeq2Iley8RrzN,1,0,FALSE
C6KG8JSSaYgQ7PTJ,1,0,FALSE
c6lPpgnfwtqUk6K2,1,0,FALSE
c7cTECFXiIH61DWj,1,1,TRUE
C7hOPQRu9CIkVJfQ,1,1,TRUE
c7Uvk9BDf0vO9Pw3,0,0,TRUE
c7VwBblMPZcl7hUm,1,0,FALSE
C85gdvvCNEGJqfOO,1,0,FALSE
C8I2ZgsmcfGMP5Br,1,1,TRUE
C8M11zccYtyyELlz,1,0,FALSE
C8wpjRWCizjY7uYs,1,0,FALSE
C8z4geUkL8c35Rcb,0,0,TRUE
c9u0TUQoUEjIo0iQ,0,0,TRUE
cA6iZUVFM41KChLG,1,1,TRUE
cAAMiwluVfhK9NTg,1,0,FALSE
CAbs1aePMY9womqs,1,0,FALSE
CAbX5DYPKkL8C4gU,1,0,FALSE
CAezBnxz1rQyuT9n,1,0,FALSE
CAIkVfXzpilAGvTq,1,0,FALSE
cAKexcxnSOHMEZgG,1,0,FALSE
cAPJPZaF2jzfMe1Z,1,1,TRUE
CATE16zB0EHgBoPq,1,0,FALSE
CAToimdGHAsUttQH,1,0,FALSE
Cb0CyJwdXp8U4iAb,1,0,FALSE
cb5f4myNiqR0rJuW,1,0,FALSE
CbirjiWEUOIwkGiV,0,1,FALSE
CBkoHlWc0wArXHSL,1,0,FALSE
cBRmtO6HFbRWIrnF,1,0,FALSE
CC4MNYUjIWrJ9493,1,1,TRUE
CcaHXPHf6eqkLkq9,1,1,TRUE
CcFpbkAl1t1Z2htk,1,1,TRUE
ccGmeAvtJ9QC6LTJ,1,0,FALSE
CcV9duseXZX5wHim,1,0,FALSE
ccwgmP7PRClf0zZ7,0,0,TRUE
Cde6px6wO6t1StR8,1,0,FALSE
cdtiSPHGWFl4fG04,1,0,FALSE
cDWKARKjcOffufep,1,1,TRUE
Ce3BS0h10mpOkLFc,1,1,TRUE
cepdq3tiYFpJ2FgM,1,1,TRUE
CF2U07gZPZRBCxM4,1,0,FALSE
cF2yWW4ZmDBj26QO,1,1,TRUE
cfclXLQSi7Tlr9Ao,1,0,FALSE
CFFIfCO25MWKQxIc,1,0,FALSE
CFOmiPuP5neZpE3m,1,0,FALSE
cfTZ2cS98BBQ5uP2,1,0,FALSE
Cfw4tFA6TxRY267U,1,0,FALSE
cfwy3dZkSPNcFRWK,0,0,TRUE
CgA1xvUZoQDWxzw6,1,0,FALSE
cgK7by54esNLoEVj,1,0,FALSE
cGrfN2nMXNXF4wr2,0,0,TRUE
CGwoQXha8yBhIIgi,1,0,FALSE
chF0isdeyvz9hgqn,1,0,FALSE
chfXA80yW63PQUS8,1,0,FALSE
cHITgrYfAvRXaKLz,1,0,FALSE
chRffPDSMOZsgxaB,1,1,TRUE
cHRRic0GV51fu9Fi,1,0,FALSE
CHx29ePPJxnhvkqp,1,0,FALSE
ChxuFBUZxWSmdBAm,1,0,FALSE
ci2wJI45BAcEQLkr,1,0,FALSE
CIEAmu55K6vHJRHu,1,0,FALSE
CijuuxsyWjV0M3Rk,1,1,TRUE
CiO6EQAQcNNdxmg8,1,0,FALSE
cIOtIUoxmpxEDvzR,1,0,FALSE
ciOxlITLnxnNmkds,1,0,FALSE
CIR55Kn1DaVmtF39,1,0,FALSE
CIuY8K5RfE8xiZJL,1,0,FALSE
ciW06bTBtGzVd6Em,1,1,TRUE
Cj7PweKzYAXfdRTt,1,0,FALSE
CjCVr1HgpZ8sbiZu,0,0,TRUE
CJJgO46LIFPr83Rj,1,1,TRUE
CJPtaPZC5mvywjAE,1,1,TRUE
CkgXnAtALckfzGmM,1,1,TRUE
ckIvsbJzR3Z2pzmh,1,1,TRUE
ckjmY08n8ycbZ3Vy,1,0,FALSE
CKLqGJ3RDl2MeWjG,1,0,FALSE
CkWydHq2rIXuGAtJ,1,1,TRUE
ckZ9Sgb3wRDoBSTt,1,1,TRUE
clAsTt3kztjcMJGV,1,0,FALSE
clBNwlF0JjuNVJiZ,1,1,TRUE
CLHaW10dDx4TpkJ7,0,0,TRUE
cLJrPfTWyAysPQWG,1,1,TRUE
clwT3SclbJZJiWQ7,1,1,TRUE
cLxVLqQlpjEcTiaA,0,0,TRUE
clZDO7YTLF75ewL9,1,1,TRUE
Cmoysg7EFDFmFNcJ,1,0,FALSE
CmPKb0wj5pO1O1yn,1,1,TRUE
CN4oJC80pHFIyUx3,1,0,FALSE
cn7YJEzuPhMRk0td,1,1,TRUE
CNfqItjm6FhWdojF,1,0,FALSE
CnoVlehLSamemsmy,0,0,TRUE
CnR0tzKfAvuthrQc,1,1,TRUE
CNTiKhRJfhFjKJ1d,1,0,FALSE
co0vJmsKeMpbTPMD,1,0,FALSE
Co5w96P56irEpxeh,1,0,FALSE
Cod4nZoOdl2oeYgC,1,0,FALSE
COEFEqHIv9YCDMgN,1,1,TRUE
COt2aigPxRLssRXk,1,0,FALSE
CPfW1rUf53PGCDvw,1,0,FALSE
cphaulJ6yqdiWWx8,1,0,FALSE
cpJBSe6DOthG5VUd,1,0,FALSE
cPKqX3zwjf4Xhi9M,1,1,TRUE
cPXjc5Zk8iQBEi1U,1,1,TRUE
cQB1usUW5f8oqhQY,1,0,FALSE
cQC6qcv99TiezfN5,1,0,FALSE
cQpBBI8rIsPHtTM8,1,1,TRUE
cQRQxVP88hAkXc9w,1,0,FALSE
CQue1tepLE6s54lb,1,0,FALSE
cQvOErHispxn511f,1,0,FALSE
cQwE6fsZnQRIFVAR,1,0,FALSE
cQYIGw7aDgmjO5lN,1,0,FALSE
CQYlpaLUMQX09rsT,1,0,FALSE
cRdQe2P1GWBAvuFi,1,1,TRUE
cSJUoWY6v4ZfT2Eo,1,0,FALSE
CSVpqc6xaVtg1DLx,1,0,FALSE
cSWENIvsdVW3hoVe,1,0,FALSE
cTDTOYflmEnHA8jP,1,0,FALSE
CtJRmWgJG3u828Ml,1,1,TRUE
cTknMhbKyHoF1fHu,1,0,FALSE
CU9JoOwlY5lZxFhX,1,0,FALSE
cUnXHEWQ2naJTpdQ,1,0,FALSE
cUoaUgfJT8zPXIyQ,1,0,FALSE
cuTcq4A6DKMdrRsB,0,0,TRUE
CV7OvKqjXwGGnseT,1,1,TRUE
cVbhAS6yL1AIitl4,1,0,FALSE
CveuaG343pPEO56n,1,0,FALSE
CVoo8fto1NkDtG6G,1,0,FALSE
CwLaM9CPPxUjuCGZ,0,0,TRUE
CwPkKoICEmWNXjMp,1,1,TRUE
cwT2lzw2viXaannv,0,0,TRUE
CwuxUJjhA6kTbKYE,1,0,FALSE
cWvni04OSUF4chpE,1,0,FALSE
cX1yGhoyFaggBImQ,1,0,FALSE
CXbikbfd7S52oG6f,1,1,TRUE
cxD1FFVoLy9nK542,1,0,FALSE
CxDhPgb3xijlisyJ,1,1,TRUE
CxrENHEZUNT9FiHM,0,0,TRUE
CXTHppglrXC6v33o,1,0,FALSE
CXUZlHfXMoMEmsso,1,1,TRUE
CXYHVIOQbJiewD0u,1,0,FALSE
cY2kLmLXCUBUczmH,0,0,TRUE
CY6PYkzC1jSFdwxK,1,1,TRUE
cYNFsOKh0VW3kL7T,1,1,TRUE
cYtjikwhdOcJRIPe,1,1,TRUE
CZCT0JUwa1RcNYP4,1,0,FALSE
CZMVwscbBOWMpMSG,1,0,FALSE
CzpFSfT23ux1QTup,0,0,TRUE
CzqbT923tyGR1q6z,1,0,FALSE
CZQJlqFygDjJKqEs,1,1,TRUE
czQSNxhVOhZ8gRJQ,1,0,FALSE
CzYGxgXKlieTxnAG,1,1,TRUE
D04OkiugPytgv9Wl,0,0,TRUE
d0cUV9C46KyEm7LB,1,0,FALSE
D0eLeFsyWdJJpwQZ,0,0,TRUE
D0KTXYLsZISpfKP9,1,0,FALSE
D0mbfLe1qugpChM9,1,0,FALSE
d2donWWAMTr2tbW7,1,0,FALSE
d3GBAwcIaVUECdet,1,0,FALSE
D3Kxr6AGJISmKBVk,1,1,TRUE
D3mAG6irV4YP5xGI,1,0,FALSE
D4A7GqiPZIt4awFr,1,0,FALSE
d4g5fzvQsKVerMWd,1,0,FALSE
d4iAvRn0deHABuIm,1,0,FALSE
D52pEc5o2nnRLiSN,1,0,FALSE
D5EBc1hqfHMkAj7p,1,0,FALSE
d6QwgzWmn2sx8G8i,0,0,TRUE
d7HO1L5f87cSoOy0,1,0,FALSE
D7I0EPuWQIPgezoJ,1,0,FALSE
D7XypD4MIgQxPSIS,1,0,FALSE
d85KPKI2tAGmKXzP,1,0,FALSE
D8CyX5oVs74RECan,1,0,FALSE
d8RatvldYkwQRlMZ,1,0,FALSE
d8vGfMb1wvTJfGdV,1,1,TRUE
d8XFwSua3JCJJK0i,1,0,FALSE
D8xh4QaKffHfOLJT,1,0,FALSE
d9CICxZaUUGo3GmZ,0,0,TRUE
d9evWImV0n34lg6T,1,0,FALSE
DAhUKCVNdyvkctHh,1,0,FALSE
DAU8L4WwpIAzsuvZ,1,0,FALSE
dAxWgcP5iZHBWAxW,1,0,FALSE
dAzHE5BjJmBODHAB,1,0,FALSE
DbEURoUpFCTywcsV,1,0,FALSE
dbHiIdxo9Q3bBYCl,1,1,TRUE
dbIs99QOZf6Nh6ON,1,1,TRUE
dBPEG14VTLRbNBLa,1,0,FALSE
dbpvomiZxtybrDWj,1,0,FALSE
DbUZweqfk1jX4Vo7,1,1,TRUE
dc7WyZIVxlh55UPc,1,1,TRUE
dCbkrdKzk2Ynppjq,1,1,TRUE
dCf0o7BJtJWDqcPA,1,1,TRUE
dcLhujnI4vzSHPP1,1,0,FALSE
dCUN1IqKuqV4PgHK,0,0,TRUE
DD2BUJ5QqLtpbnzb,1,1,TRUE
dD6JQ2yoG6NiraRj,1,1,TRUE
dEgsgYWfH4gYphUo,1,0,FALSE
Del8gMlWIhNrQdFJ,1,0,FALSE
DeXQTGznxex41G6y,1,1,TRUE
dEY6W71cBxSzBOL9,1,0,FALSE
dfeDTRELWUoNjanA,1,0,FALSE
dFx3lXsJBs1pQ5zJ,1,1,TRUE
DG5zIYea3zkZYXTX,1,0,FALSE
DgfxEOftNHOCZYSp,1,0,FALSE
dgvQFhJr4CZ33yLM,1,1,TRUE
dH25b5ZiSH0J3v2c,0,0,TRUE
DH3n80kRWvyLYpi7,1,0,FALSE
dH3VT8cBcMlFbOcX,0,0,TRUE
Dh4jp9R3izWywJL7,1,0,FALSE
dh9qmDWrJt5ZW3O5,1,0,FALSE
DhB4W6EmyrEdAX0C,1,0,FALSE
DhEP8HwwCFrc53uQ,1,0,FALSE
DHHLJ2ysyMxRAGQm,1,0,FALSE
DHkonVUGd94YfWUO,1,0,FALSE
DHMlybcUjFgN60ZE,1,0,FALSE
dHmYto2LGDEG4jzq,1,0,FALSE
Dhq2T8eZFt9EcRIm,1,0,FALSE
DHwPlG9nwGjBJHMN,0,0,TRUE
DhxXwANmneyCVkx0,1,0,FALSE
dhXYpc7BRb4I1MNY,1,0,FALSE
dhz3WtnaakETFhYG,1,1,TRUE
DIBPzaMOBNGtuXjk,1,0,FALSE
diDtwhmKlSVGcxHP,1,1,TRUE
Dinak18UtViDJyxo,1,1,TRUE
diPq89k2XofLmQU8,1,0,FALSE
DitNYm6LcH7Dp638,1,0,FALSE
dJ3exasNNF6ZGFBN,0,0,TRUE
djCjghHP7xwJoBCd,1,0,FALSE
djEHKjnklqoo6OrM,1,1,TRUE
djlyCoBrEQ1LDLtp,0,0,TRUE
djMvVzu87AoVwH53,1,0,FALSE
dkdlsMflQIxiTFOM,1,1,TRUE
dkGUEIBgdRzIhcbG,1,1,TRUE
dkTzpNi6CqZBe76J,1,0,FALSE
DLJtmQR3654kr5gz,1,1,TRUE
dm6DC11MBWvF0083,1,0,FALSE
DmHLKcDd0t6FMzQP,1,0,FALSE
dmo540OS1JgErmoz,1,0,FALSE
DMqnNmAmE6PsbSug,1,0,FALSE
Dn0vO56boHqvauHs,1,0,FALSE
dn3bKi5xZVeQO5sZ,1,0,FALSE
DNFZeTVmNtrVLDVV,0,0,TRUE
dNihBB5EHVjUMvP3,1,1,TRUE
dNjAqI4mrYnCrMzt,0,0,TRUE
dnv3FS1ApkFxHyS9,1,0,FALSE
dOaK2rEy2GgFjODD,1,0,FALSE
dOFgIKSvKLhiEYaI,1,0,FALSE
dOMleQNWXEcP7wZv,1,0,FALSE
dP4WeWXk9kXhdCgW,1,1,TRUE
DP9Q0o1i0BYTYwIX,1,0,FALSE
dPeVFt15BVL4nrXE,1,1,TRUE
dpja7SrSSGzBRyaE,1,0,FALSE
dPpM5R4oZfoJeSeU,1,0,FALSE
DPQBAZhKNIRvyV0T,1,0,FALSE
dPWEljZsxmS73j8p,1,0,FALSE
dqcTECR1hx4npteH,1,1,TRUE
DqJtDfBHjhdNRQWj,1,0,FALSE
DQK0a1373uY9qpQB,1,0,FALSE
DQlZuj7UNP2kAksJ,1,1,TRUE
dqOQtXMhtkCcswKT,1,0,FALSE
DQQBjvylypHWdwFF,1,0,FALSE
DQqmGUODaGGNkIPA,1,0,FALSE
dQwc5WsSDZvFVqv0,1,1,TRUE
dRGKTqbUT3yK68og,1,0,FALSE
DrH6TVFHPfmHIu8X,1,0,FALSE
drI05MScT9P2LIgj,1,0,FALSE
DRtovuNnCURYk9Pa,1,1,TRUE
DrwV9T5slHno6xiI,0,0,TRUE
ds8kWZeqN1ud1ZLO,1,0,FALSE
DS9Jk7TorB2y25Ns,1,0,FALSE
dsdcssfd7vxtBiJp,1,1,TRUE
DSFUbtN5xb5m3af5,1,1,TRUE
DswyP4IcErcpKD4W,1,1,TRUE
DsYgnlopcvo1kJVG,1,1,TRUE
DtGP2fUkQ5wMxBnQ,1,0,FALSE
DtkagDfmbYdsH7gi,1,1,TRUE
dtxQpTjkiYgKhys1,1,0,FALSE
DuMMYO0RXMjd7Arb,1,0,FALSE
dUQsYtyF86EAY1al,1,0,FALSE
DvK9mflPdLcQH7W0,1,0,FALSE
DvOVX1uCSU8kz6ar,1,0,FALSE
DwebU6yhC6Tm4eyH,1,1,TRUE
DWlxgC4GeapO7pjK,1,0,FALSE
dwRJBDnXOSo04hlD,0,0,TRUE
DwtM51IEQZQdUfU2,0,0,TRUE
DXAhfWgwkv6NhslW,1,0,FALSE
dXfWp7cPTveuRqfg,1,1,TRUE
dxGjQhxFcib0w3lm,1,0,FALSE
DxL9wuCCaXiSUpQJ,1,0,FALSE
dxm37OVzLpo7pZIx,1,0,FALSE
dxTfIundsxZGjlfq,1,0,FALSE
DY0RIrTvVmoHU6ol,1,0,FALSE
DyRRhsEgN922sV1U,0,0,TRUE
dyVlVjkYBHUpMAaB,1,0,FALSE
dZ4b6Iay2curfpFK,1,0,FALSE
DZGfMMd4P0kxoDBh,1,1,TRUE
dzKmxysRIxKPV2FS,1,0,FALSE
DZsTQiJvWskjYyYW,1,0,FALSE
E0GJoxLE8gJ07rtd,1,0,FALSE
E0YuR6mBl54ey7PQ,1,0,FALSE
E1IpOCMU9DVmMWW1,1,0,FALSE
E1Va9W2sw5GIRRlb,1,0,FALSE
e2RpCAB7LIS8uN9x,0,0,TRUE
E33Yr4iz00JhERMz,0,0,TRUE
E3zmM0Ran6J00wiJ,1,0,FALSE
e4eY9OG9WtIDcfqX,1,0,FALSE
e4XpfaP1xqSHqXQa,1,0,FALSE
E5oxqGgNH9UWcEEX,1,1,TRUE
E6sKJ8Zr1KDhu7dg,1,1,TRUE
e6vROsaNBMPy5Dkl,0,0,TRUE
E7CyHM4wzI5Izx7L,1,0,FALSE
e8HcOdhhg7OMj0VD,1,1,TRUE
e8N2KaOskD0C6qr6,1,1,TRUE
e8Y7xhn4lsD749NB,0,0,TRUE
EAHNM3acaprKnY4Q,1,0,FALSE
eAnPbv5NtgcnmUKD,1,1,TRUE
EapuCqwIKfGzOSwS,1,1,TRUE
eatFzhcQBPHoMx4s,1,0,FALSE
EayWeXBl5JfZ80Rp,1,0,FALSE
EbGJJRr0GkUDYLD3,1,1,TRUE
ebJTp23cS5mofsJ6,1,0,FALSE
Ebo1SLhyLyJZiSiM,0,0,TRUE
EBrEiwmJt6d6oV6P,0,0,TRUE
ebtOmbfrPEeeLLjv,1,0,FALSE
ebUsnzRJAIF9zh9u,1,0,FALSE
EbWZe6uwtQZqKc6i,1,0,FALSE
eCGW8tViy72vL31Z,0,0,TRUE
eCHFAp45cQWoPfpc,1,1,TRUE
ECmpvVS0TwxyMSDi,1,1,TRUE
EcR5jZlafE4rUc51,1,1,TRUE
ed7IapOOVQnnCS6W,0,0,TRUE
eddc4Sh1Bj5Ti83l,1,0,FALSE
EDQHkp3sD2qK4g6h,1,1,TRUE
eDxtLvSf5tt2rzlh,0,0,TRUE
Ee5rIJF256iNc31V,0,0,TRUE
eEAHqrRkeP3grMPH,1,1,TRUE
eED1BdQluX4GNpt9,1,0,FALSE
EEHJIVDaooNxoy1l,1,0,FALSE
EEQW63rcy0Xm22iO,1,0,FALSE
EF2VDftrKI5zgrpP,1,0,FALSE
EFBcQqxNquhYVkIp,0,0,TRUE
efLKNi0J3Fu5sZEw,1,0,FALSE
eFrdJEESHfRIf5N2,1,0,FALSE
EfS1vFzXK22dSV7H,1,1,TRUE
Efv3OZbUvst32KKA,1,0,FALSE
efYfV18PTOVpBGmr,1,0,FALSE
Eg1AIRn2gaev9OBf,1,0,FALSE
eG4cSyTSbsZxDmQS,1,0,FALSE
EgAnDdoqGeLlddHy,1,0,FALSE
egfauQhDq2ej0bUQ,0,0,TRUE
EGJcGjepyPVo3R9R,1,1,TRUE
EGLzz0JX9kbf4mnJ,1,1,TRUE
EgmfmeeyFUSpwdx3,1,0,FALSE
egWeC0arVGLmpDVs,1,1,TRUE
EH9tgH0hBHISNPPy,1,0,FALSE
EhDzQpAXCT0S7Sbd,1,0,FALSE
ehTuKllnF0ZRWzOU,1,0,FALSE
EhuAnrP10IYF7QWn,1,0,FALSE
eHw3joVjRRPF1jYf,1,0,FALSE
ehye5PfeFIBhSKCL,1,1,TRUE
ehZKNveecg1VKn5K,1,1,TRUE
EJ8VXMw90gvVIP5c,1,1,TRUE
EjA7F3FuTSnV6XZJ,1,0,FALSE
eJB134VWgCRZlmJ7,1,0,FALSE
eJiV6DME8kwf7wRA,1,0,FALSE
EJMfQZEMEhUAgSql,0,0,TRUE
eJQ4ZAfNIh0UpwNk,1,0,FALSE
eJvjSWXs093DZsyf,1,1,TRUE
ek5kbtGtvC0hezi4,1,1,TRUE
EKaJeEsjJi8IdgeL,0,0,TRUE
Ekdn145ztBwrAgts,1,1,TRUE
eKg36WDPN5NUOsPQ,0,0,TRUE
ekiQfV1KFcnjkXZZ,1,0,FALSE
EklUtupAEWCPggFg,1,0,FALSE
ekWPcg4aKGF5lqDq,1,0,FALSE
EKzdeJyaPflEjY1Z,0,0,TRUE
eLA44N1iZbAjeImJ,1,0,FALSE
eLgvXHplH6qrKiFV,1,1,TRUE
ElKbhlNgT0Pdd9u7,1,0,FALSE
elrP3KQLGYZFLrLF,1,0,FALSE
eLVvxPPtMPwe8reb,0,0,TRUE
eMARaLcgy6X9xyjZ,1,1,TRUE
EMOK6jxa3C4wzUIJ,1,1,TRUE
EMz4CSTuAzC9beZ2,0,0,TRUE
EnazzULeJY07bG0w,1,1,TRUE
enfHGibsvUYQlo5r,1,0,FALSE
enIBw02E3LDVZvXV,1,0,FALSE
EnnYwcRH2I7yI5AC,1,0,FALSE
EnrJa7q2FtKJojIC,1,0,FALSE
EObpejzpmsTTy66L,0,0,TRUE
eOCb7eOsUVtyvTVy,1,0,FALSE
EOuhohZLmAU98ixm,1,0,FALSE
EOwwz7mvamJr2u4n,1,0,FALSE
Ep2AwuoMTRRhOiSG,1,0,FALSE
ePCWNGPKrg3bUTYV,1,0,FALSE
EPdrGjp0enPCrpHP,0,0,TRUE
EpUs699lG7A5sQ7o,1,0,FALSE
eq1cS5aZz75FSzQK,1,1,TRUE
eQ7WyxsmQpo4CdKZ,1,1,TRUE
eQazwdJunp4PXZyD,1,0,FALSE
ErJfV1XuRdgWQpV2,1,0,FALSE
eRPOcZDc9G61N4L2,1,0,FALSE
ersfdMtvSiwtExgj,0,0,TRUE
erxDCsMOfI8an6Cr,1,0,FALSE
ERxhHa1eOpu3Ek0x,1,1,TRUE
ErYpRuike7cGHAGM,1,0,FALSE
ESc3A9MEc3Ppha1O,1,0,FALSE
esD59dyQXJ7sGIEy,1,1,TRUE
esewTLDDlZvyi1r6,1,0,FALSE
esly2oPrUFgB1qqK,1,0,FALSE
espcmwG8IOT6OdA2,1,0,FALSE
eSRhxAwHcNlQnm9n,1,0,FALSE
Et2eVglf62Spu6pG,1,0,FALSE
Et4enwwanEEErmGx,1,1,TRUE
EtcXDQJQW4Ieg364,1,0,FALSE
eTfC9LMDZjT6EOwj,1,0,FALSE
EtFoGl5jaS5CjNQn,1,0,FALSE
EtL4KfmmmKJNELY1,1,0,FALSE
etO9SjIsATbWXSON,1,0,FALSE
eToh2M1g5Rq3RAky,1,1,TRUE
eTv8CdKVLmRh2kj2,1,1,TRUE
etvtcDn1sMstMYjn,1,0,FALSE
EuaTmsTOR6grTTzw,1,0,FALSE
eUAvNsulz2tQgB41,1,0,FALSE
EuKKIumTrvGkwBoK,1,1,TRUE
EukSf2luzlo7qdOm,0,0,TRUE
eUO6i7vdX04Dul0y,1,1,TRUE
ev1aGQXUbC2ENtAM,1,0,FALSE
eVB2YY01OqtJSfjp,1,0,FALSE
EVkd7o16s6HXA4Kx,1,1,TRUE
eVm0gBA1sxjedqNb,1,0,FALSE
eVSg6L1wcKwEtmLN,1,0,FALSE
eVSUyHl4tluoGA7G,1,1,TRUE
eVuJKa78UgRNQaev,1,0,FALSE
evwy5uaeBSJsvyAm,1,0,FALSE
ew30Q73drOorDelq,1,0,FALSE
EWccHMLrjhaXRrLl,1,1,TRUE
EWdPGajdFv0sGygc,1,0,FALSE
EWeGai6FURKEoDNr,1,0,FALSE
EWGe3d14sjatOEXU,1,0,FALSE
EWp72srPAoFkkUtd,1,0,FALSE
Ewv8X15c5ihdg2AH,1,0,FALSE
ewyz6EMwOWt8m8H7,1,0,FALSE
eX4lVwlszR6qEktM,1,0,FALSE
eXDv33k9Zwc4jUeY,1,0,FALSE
ExfBaA8gbBhLHGmR,1,1,TRUE
eXK1DOVfTh2W1fNS,1,1,TRUE
exn80K3K4vZsDTpi,0,0,TRUE
eXNoG4MwSaoqeOTX,1,0,FALSE
eXQ126WIfO11Tybf,1,1,TRUE
Exu8fvvcNoGL2myV,1,1,TRUE
Ey1grrcy2sel002P,1,0,FALSE
EybUb63wIK8DOMO0,1,0,FALSE
EyeDfnZkL61A0YzS,1,1,TRUE
eYg4wBu5JvS3PNNL,1,1,TRUE
Eyg6dvvEZpwQCI41,1,0,FALSE
eytr2rFSYmBv9tSD,1,0,FALSE
EYZ15CojB7DRP5Am,1,0,FALSE
Ez3Xkv2WLban71xA,1,0,FALSE
EZyecDJ5rXnl9Bz5,1,1,TRUE
f0F8jFvdKgubr8m6,1,0,FALSE
F0pkuneyRJd1gPNa,1,0,FALSE
F0YISW7vaeVF646n,1,0,FALSE
f1KMO38IHDuYOxBF,0,0,TRUE
f22Wpp7PtN8tdEK9,1,0,FALSE
F3DRBfdYuMrCFwp3,1,0,FALSE
F3MDSzjOOzqXppBe,1,1,TRUE
f3POD4rKi5ELiwZF,1,1,TRUE
F3z6BwUshwNuXBMe,1,0,FALSE
f5Hkhmme9GOK4Ifv,1,1,TRUE
f5Ux6dRqn9Rm9bUR,1,0,FALSE
f5wkYiXJH3QRdRSL,1,0,FALSE
f6TjL4MMNHOq4T7D,1,1,TRUE
f6wEFatw6h7VLEGC,1,1,TRUE
f6z1NxWOmJoMpQ9v,1,1,TRUE
f7d3POHIG18L8ccP,1,0,FALSE
F7ITfRpRqxGHqT1l,1,1,TRUE
F7OtVP852fzG5GO4,0,0,TRUE
f8E1Set7KF7FRWr1,1,0,FALSE
f8ERJOaKwUaDmqf4,1,0,FALSE
f9kg2RCjOgYVQcjw,1,0,FALSE
fa37Q82jpDQOuCQV,1,0,FALSE
fA70gudHR3SiUdkJ,1,0,FALSE
fAa5SRL4RCBeXsTD,1,0,FALSE
FaeftPZrdqEdfBy4,1,1,TRUE
fak6vdcO2hTqJHR2,1,0,FALSE
FAnzBf0uabNogspC,1,0,FALSE
faPt3h3jgj5gSvaL,1,1,TRUE
FAsQd3C22294k175,1,1,TRUE
FAvhSbfOivxkd9cC,1,0,FALSE
FAwES24hxYMMdqsi,1,0,FALSE
fAXLO7mSEXALwc7E,1,0,FALSE
FbAT7fbQgRlXJykZ,1,0,FALSE
FBayhX6HmofBNUFx,1,0,FALSE
Fbr0J4x60KamKHmJ,1,0,FALSE
FbrkZRA9vXZ1LgjA,1,0,FALSE
fC4TrktAB5etkf3Q,1,0,FALSE
fc8OuRrUckuV4NU1,1,0,FALSE
Fc9qVCjZfeFFCIik,1,1,TRUE
FCCZEZPGp46vXpSc,1,0,FALSE
fckCodkWAjeBA1uz,1,1,TRUE
FDmMCKWpIXTwY4Eu,0,0,TRUE
fdvjX26se0JGwDJt,0,0,TRUE
fE9IkxSYHzYERamW,1,1,TRUE
feB6bQnjVLjiBeHb,1,0,FALSE
fEkORhBtbgj9XoPX,1,0,FALSE
FerkPwOgbdNegNAO,0,0,TRUE
FETTjDn8Q4YTYLDz,1,0,FALSE
FEUg9FPGpyzj5vYN,1,0,FALSE
fEzelsnw1trykiAl,1,1,TRUE
Ff48I7AIlm8ZjLTv,1,0,FALSE
FF5SLM2dTwDNtmym,1,0,FALSE
Ff6jV1HxrrueT5sy,0,0,TRUE
fF8lWZhfsVFgrjJ1,0,0,TRUE
FF8RfufTqF5IBACn,1,0,FALSE
FfBdJfv6EvuXh5GF,1,0,FALSE
fFgcU5hN2BRBgRpr,1,0,FALSE
ffj0z2iEuSuXvHuB,0,0,TRUE
FfKXFwe6m3rbZ4fp,1,0,FALSE
FFLCdVlOnwmYVudM,0,0,TRUE
FG2uGG3LRUDk3FH8,1,1,TRUE
fGnBzklROc8vR9Hg,1,0,FALSE
Fgx12w4urKmgfdVT,1,1,TRUE
fH0oEL0AqLZKwUyZ,1,0,FALSE
FHk1Z8cLUuQ2Q0XI,1,0,FALSE
fHLFs01SvRdntgwS,1,0,FALSE
FHy23LbwTpjVIM0X,1,0,FALSE
fIc2Cs8R9pHQGJL6,1,0,FALSE
fIH5IdbmFo9UpQa7,1,0,FALSE
FIjp0OGyIiUA1QC1,1,1,TRUE
fiT24QwAL8T08kqR,1,0,FALSE
fjLJHASdoNIDmmUr,1,0,FALSE
fjrY5xPRjdC3gEyY,1,0,FALSE
Fkkb4V2gjXLKvhmD,0,0,TRUE
fKkIb1H3rMOUT9ra,1,1,TRUE
fkMKawPSsEtP0ILJ,1,0,FALSE
FKrrtzCIL8KynDqQ,1,1,TRUE
fKuMnex2gkJkIHMe,0,0,TRUE
fLJ48VEj6c2PRKJp,1,1,TRUE
flptRLDjh0luE0tj,1,0,FALSE
flutnhgtyAkK2PA0,1,1,TRUE
fLZsnkUnnWiZonh5,1,0,FALSE
fM3ALz50hNfLoH0s,1,0,FALSE
Fm5nHRUlzcEOHqIK,1,1,TRUE
FMBVd9IsOGE8KfyT,1,0,FALSE
fmCbmQhNVFZKXavO,1,1,TRUE
FMdHWOIpSf1k6FBm,1,0,FALSE
FMdpKouw3IgkppYo,1,0,FALSE
FmGeeKbDm8HVg7I2,1,0,FALSE
fmPws2kUsTavH0he,1,0,FALSE
fmY3r3R40epFHIWZ,1,0,FALSE
fMzGHJUau6z0Jhs3,1,0,FALSE
Fn0Am0QTD34ogCqH,1,0,FALSE
fN5pAYuw05xG055m,1,0,FALSE
FN6OxJurs8kTKtJd,1,0,FALSE
fNgxh3I8bzYWq9s8,1,0,FALSE
fNLzvy38vszRcu7f,1,0,FALSE
fNMdCpJ64AdS0frN,1,0,FALSE
fNRdGTv0Hry0kyDE,1,0,FALSE
FOAN3RYXOvfjq36Y,1,1,TRUE
FoC3PFYccImQDUUn,1,0,FALSE
fODHQwMcSSaa7T2j,1,1,TRUE
FoPqx2QWyLPUlLvR,1,0,FALSE
FOWON2KHF1CtzfeB,1,0,FALSE
FoZPWrYuu4bS0ZAt,1,0,FALSE
FPl17lSUk2o78y7W,1,0,FALSE
FPLsXEgyPaT080EG,1,0,FALSE
FQcDweKplg5K87IG,1,0,FALSE
fQJN3C2QVYymoi8O,1,0,FALSE
fQL8AeCd22ia1vSl,1,0,FALSE
fRatoFaf8z7yHURK,1,1,TRUE
FrjPExSLjOvAH6P5,1,0,FALSE
FRMY4foV9YRjrEO1,1,1,TRUE
frPEMGOpVAofh91J,0,0,TRUE
frPhKtxqRqyNIuc5,1,0,FALSE
fS0ye0kv39LodHKA,1,1,TRUE
fs7hzhyfXV9hJRN3,1,0,FALSE
fSOqjCjXHCkpkSwE,1,0,FALSE
fSt4DkL4ginnbCNV,1,0,FALSE
Fsx5b5AQBEykXFHN,1,0,FALSE
FSyZ0eIGSw3Amty2,1,1,TRUE
FTlrqoiyZt5BC907,1,0,FALSE
fTopomIwuDslAnrA,1,0,FALSE
FTvir1Tz5zBCcju0,1,0,FALSE
FtYyQbChDzSpJgB1,1,0,FALSE
fU6xLhgKuqzS7MGr,1,0,FALSE
FuEDqiOCwyCKAkxp,1,0,FALSE
FUiPlQ4JWunvpiRn,1,0,FALSE
FUKXrlfANlBsDp6k,1,0,FALSE
fuMojGwLa2sTFrXI,1,0,FALSE
Fuwg35xtOaHsMNux,1,1,TRUE
FuzwpLHeYVNu4ARU,1,0,FALSE
fVDX1rZVRsAmR8TR,1,1,TRUE
fVgW245KYXpWwnwv,1,0,FALSE
fVMHmOzJie1fHcto,1,1,TRUE
fvQHsLhGo51VcMXD,1,0,FALSE
FvwcK667W2cgnUJq,1,1,TRUE
fWaBYYGQEV9uPsyn,1,1,TRUE
fwJcEnTEYuRN5Am5,1,1,TRUE
FWjYA1Rc0tDMNlxm,1,1,TRUE
FWlKa9iXZsQdScwf,1,0,FALSE
fwMQIT6mD3VWRWr8,1,0,FALSE
FxFUN0IUhxY48fTw,0,0,TRUE
FXlrIyljpXKcEJ9T,1,0,FALSE
FXSgyQRQVGBIVKab,1,0,FALSE
fxZTnk66akzztERu,1,0,FALSE
FyAX9jXbjQao8K8r,1,0,FALSE
FYCsaOVIp9PqWbSi,1,0,FALSE
FyGcOGIrYgyARYoD,1,0,FALSE
FyH1GFUnaJVbLVUF,1,0,FALSE
FyNoGR4KuW3sj00z,0,0,TRUE
FyszVxuIMj3yuLVf,1,1,TRUE
fyvUaqnpqYfnl9LM,1,0,FALSE
FyZSC775QoUlKTg7,1,0,FALSE
fZkwkHkHMRA4IoCH,1,0,FALSE
fzQMp2W83uNbRIGu,1,0,FALSE
FzRBs7JGvACw0EnI,1,0,FALSE
fzStrewo5mVDVZUW,1,1,TRUE
FZT7zeK4RYZMmq6i,1,1,TRUE
FZU4LtVaTUGWhKez,1,0,FALSE
fzYhmPyPTdnOlkNY,1,0,FALSE
g03hGmuputcZWzPF,1,0,FALSE
G0B2s4MaEhO57IEU,1,0,FALSE
g0dl4K6C4qiSlqfc,1,0,FALSE
g0eANg97NL0snrL7,1,0,FALSE
g0PfIkaUSDmmJt0J,1,0,FALSE
G1oueSuD4XXr3KwX,1,0,FALSE
g1Qm81dpuhx7dnXO,1,1,TRUE
G27Gsp5CoJWzJwsi,1,0,FALSE
G2CbUdN2ODV7yJH4,1,0,FALSE
G2F8CT7XmPWNqC64,0,0,TRUE
g2FaY55qHRvx5KIE,1,0,FALSE
g2IwEB1SkI4kQnGh,1,1,TRUE
g2lOAChL56FZwczE,1,0,FALSE
g3lnzJpu6v3gT65r,1,0,FALSE
G4f6CdcYVr8p8whl,1,1,TRUE
G4pQcJBNX9mxVKa1,1,1,TRUE
G4ZOrtrJIvmKrVzQ,1,0,FALSE
g5ke3OJJZoR8M7oq,1,1,TRUE
G5og1mjEuIq8vocy,1,0,FALSE
G5sDibs7hkwxGDFb,1,0,FALSE
G5TmzQIM5P75Xt4P,1,1,TRUE
g65G4wspdbJcG3DX,1,0,FALSE
g6sMnNooee5EP9rO,1,0,FALSE
G6XrfWwhBfoZ5EKO,1,0,FALSE
G72q1rpVebWdHwmP,1,0,FALSE
G7ggp398Xk2Ec3Nt,1,0,FALSE
g7nnQqmTQQ9fAZ8N,1,0,FALSE
g7tY7q15gw79BCAM,0,0,TRUE
G8lFNYj47IDBsqR2,1,1,TRUE
G8r8eaUb9SjjHOMt,1,0,FALSE
g9MgW1B1PXSXyrbm,1,1,TRUE
G9qloFRPhwo4VrxU,1,0,FALSE
G9SWvU7AWqzf3uNk,1,1,TRUE
g9UjeW4bD6ydIk8H,1,0,FALSE
GA6dMwh9pA9EU1ez,1,0,FALSE
gACTb9HWx9qb7pgD,1,1,TRUE
GAyPbdlPhQLugizr,1,0,FALSE
gB1k7syTJae5Qa2S,1,0,FALSE
GbcZXP9ppRYQ2hlK,1,0,FALSE
gbNEoybR0VgQcLOw,1,1,TRUE
gBuHjg0oPxfPUBhl,1,0,FALSE
GBXfSLZfTvsw53sD,0,1,FALSE
gC8jQcdglQ0Er38R,1,0,FALSE
GceyDiVMA46idvSV,1,1,TRUE
gcF1XZPHUnqGw4R4,1,1,TRUE
gchO22ohucuvramT,1,0,FALSE
GCjH62pHbgigRjkf,1,0,FALSE
gclQHFPvb1wfmLh2,1,0,FALSE
GCm1nc2K7rW7qW8a,1,1,TRUE
Gcxw0KBpnPTm7HCT,0,0,TRUE
gd5wsu7q45th2Qmn,1,0,FALSE
GD7qPZ0qFTCAn9Ci,1,0,FALSE
gDbfdoeTakMnHUgX,1,1,TRUE
GDcPgjOukN3kgaJq,1,0,FALSE
GdMMGlssBl3DQb12,1,0,FALSE
gdZeCQF6WzDYb6S5,1,0,FALSE
GDznfELJ1x2SAtUV,1,0,FALSE
gE1lWXHI6wPqtxWb,1,1,TRUE
ge3LSsfCW16w5EJm,0,0,TRUE
geA1SecPJVHTZgFE,1,0,FALSE
gf8z5N3Nk5BD5iTf,1,0,FALSE
gfc1IimpLAGi3vrL,1,0,FALSE
GFNbv7jMn3TgZu7q,1,1,TRUE
GfuIL3HMXEDyor4c,1,0,FALSE
GFW4jxhKuT2Bv2U8,0,0,TRUE
GG6v6uBkaQblxbwi,1,0,FALSE
ggDb66ipUQw8CBtg,1,1,TRUE
GghH92TR3ZlC5p9n,1,1,TRUE
ggQ2dCnhMRm97Daq,1,0,FALSE
gGqXHGasl9GQO8Z6,1,0,FALSE
GgVGFwqFKnQH3eIO,1,0,FALSE
gHJGvuCvACHDGlqj,1,1,TRUE
GhO4l6VBMCw4Cdpd,1,1,TRUE
Ghq60C3Xc7aetMTN,1,1,TRUE
ghyWoP84RVySyMZF,1,0,FALSE
gIGNLvbSKxQGMDnA,1,1,TRUE
gikBHY5zc3dnAJt0,1,0,FALSE
GiQUUOOshVtXggSr,1,0,FALSE
gjBrYcIWyIWMJBUC,1,0,FALSE
GjdivQ0vrS6Qfujy,1,0,FALSE
GjDmwllCwqWvBXQq,1,0,FALSE
gjHRTc8KyQERTCW8,1,1,TRUE
GJjnyNTuR1cAkvRH,1,0,FALSE
GjtcOuPTlnpllfZj,1,1,TRUE
gjv10XN0mHQT7H5o,0,0,TRUE
Gjx2aO4266q1RxjV,1,1,TRUE
GkbDYUhd3J4YGMok,1,0,FALSE
gKkVzDp58uxAgKQz,1,0,FALSE
GKp5hMzJDOnUNKWo,1,0,FALSE
GKUtGDqshVUwEfR6,1,0,FALSE
Gl13MTRZmqy8Uoqc,1,0,FALSE
glKSCguhd1mHcQgJ,1,1,TRUE
GLoIC1RefF5KKirN,1,0,FALSE
gM0qoIz2pp5PRUJ3,1,0,FALSE
GmENkOjXP6OlQI6B,1,0,FALSE
GMgy6aFiweIR7wu0,1,0,FALSE
GMw8s5ox6TpcRXtk,1,0,FALSE
GNdo0aAfcQGYxAtD,1,0,FALSE
GnPmwvJP87biiz4k,1,0,FALSE
gntEysSAZSEPAPCc,1,0,FALSE
gnyHU0BJATQLFZ44,0,0,TRUE
GO2bTMrpkiOWqFJt,1,0,FALSE
GOBnfL1OkalVoLaZ,1,0,FALSE
GOFrI3MdfNKgeVhS,1,0,FALSE
GOS6SIKwqNeakFjH,0,0,TRUE
goslKWQBRdURO4Bi,1,0,FALSE
GP18QLfWdZ6r1Qc4,0,0,TRUE
Gp4L91CtKaTDxRT5,1,0,FALSE
Gp5VTLNtmu2IeLgU,1,0,FALSE
GPajj6UvlvZITH0V,1,0,FALSE
GPeBzCOyb119vWiC,0,0,TRUE
gpsJMU6M795kCYkN,1,1,TRUE
gpvukMSRWWKuZYFl,0,0,TRUE
GPzcBGZCOah04Oha,1,0,FALSE
gpZKy5qLRS7DHdQb,0,0,TRUE
gQ533uf26epnsjY9,1,0,FALSE
gqjMrX2IyPIaPpGj,1,0,FALSE
GQMyrN2iZj88mEV1,1,0,FALSE
GQtt4RcpiyOqzJMz,1,0,FALSE
GqYGEQfXtnpc8ZT9,1,0,FALSE
grGzCCvxy8Ze2kQi,0,0,TRUE
grjo0tnjz2aM6zXv,0,0,TRUE
gRpBIrDVAufodCEO,1,0,FALSE
grqT9yLCQAd9Bnes,1,0,FALSE
GRuFFiyTbhkMNoxl,1,0,FALSE
GrxSxJ9Qp5gHW5uj,1,0,FALSE
GSJ7K17J2Go3E4cg,1,0,FALSE
gsjJlpEte1GHQ82e,1,0,FALSE
GsKqlkv1ziqD5nnT,1,0,FALSE
gT9LAHIedZpxfJa6,1,0,FALSE
gtiBIVLBJaP1HLqC,1,0,FALSE
gTko2AzKvnePoTQ9,1,0,FALSE
GTO0LKtRe4tKfR4X,1,0,FALSE
GTw1RRT2eMrs3wZB,1,0,FALSE
GtwmWyV1Bq3Nu3pn,1,0,FALSE
gTWsIUo0WVxgJXWJ,1,0,FALSE
gu3Yv0mw1lYqUhZB,1,0,FALSE
guISg9QhHylbVPwl,1,0,FALSE
GUzLsMgcESMusX8R,1,0,FALSE
gVKDGjpuZIfb1rXs,1,0,FALSE
GW5eAIbuuGNZ6r0q,1,0,FALSE
Gw63jewewVFlKAEr,1,0,FALSE
gwdip0ePij1tmQml,1,0,FALSE
GWvTJVd4qakWLNYo,1,0,FALSE
gX23mnuOtX6G46Ds,1,0,FALSE
GxHxQjgWtKMIV7mB,1,0,FALSE
GxSyWYXtUq4TnO7N,1,0,FALSE
GxtKKCk7bJm0lCrc,1,0,FALSE
gxXPCEyO88thF72j,1,0,FALSE
gYFxlxKgoE1HOqew,1,0,FALSE
gYgoUsEHdviDEAzJ,1,0,FALSE
GYL5NYgVYgpKyfVq,1,0,FALSE
GzCISD5oe4dSqub5,1,0,FALSE
GZd2JA2ljDEhh3LR,0,0,TRUE
GzoCHto0SykbMfK8,1,0,FALSE
H0DennLIuGis9eqO,1,0,FALSE
H0HnlbEtlo8fNrBl,1,0,FALSE
H1epsIt4H8VkAsES,1,0,FALSE
H1Jz866WzDLqgaqZ,0,0,TRUE
H3kXW8FETyAkFEoD,1,0,FALSE
H4uGMEFpBmSyzwba,1,0,FALSE
H4XACKCWj49zqHN5,1,0,FALSE
H4YzZyZJjq1ydvjL,1,0,FALSE
h5icC0LMsS0lmSOQ,1,0,FALSE
h5jvckgpxH7FsQan,1,0,FALSE
h5TiWgIgEkBJYfKW,1,0,FALSE
h5TpQNR9lcsgXEOS,1,0,FALSE
h62TaY4lkPwYMD3K,1,0,FALSE
H6jcOgk7alQ1wObY,1,0,FALSE
h7adzDHnj3squle9,1,0,FALSE
H7cJPBfux8RBrpax,1,0,FALSE
h8OrvWKBPPhVZt7V,1,0,FALSE
h8uRY6DU5OgKhbQV,1,0,FALSE
HAaYFjrM47vdSAw3,1,0,FALSE
HAihA1wHKNi192KV,1,0,FALSE
hazqOx0Q3jH5Nnnd,1,0,FALSE
hb2qOaDPTpOMnt8F,1,0,FALSE
HBHjbHU6mwOak5dN,1,0,FALSE
hbI1HNl1xfNBNucf,1,0,FALSE
HBJqMatyUZGkr1LE,1,0,FALSE
HboMlCTka7DG4EEm,1,0,FALSE
HBs90aTPcM6W366X,1,0,FALSE
HBywuzr4XLzaRWID,1,0,FALSE
Hcb5ax4zwxcfSamf,1,0,FALSE
HCE5o4xJHplXBqvB,1,0,FALSE
hCoWVL8WZxcjITcB,0,0,TRUE
He21CxawijLnAuHN,1,0,FALSE
HedbMuXJDdOibPbO,1,0,FALSE
HEDuvINvMMXb1iW1,0,0,TRUE
HEHepVf8ByDbAb4e,0,0,TRUE
heizRNjjC2cjoNeF,1,0,FALSE
HekHeqgkNZaf39bc,1,0,FALSE
heLx1HrRvmsZmfcK,1,0,FALSE
HEzePmxO7vGzYOb1,1,0,FALSE
Hg9ydrukmSAs3jZE,0,0,TRUE
hGDTNe0R0cxlzz0X,0,0,TRUE
HGJpvhZpUoPc8brg,1,0,FALSE
hH2xvwDgz6Jq3rf1,1,0,FALSE
hhAsw1U1q2ZNleQq,1,0,FALSE
hhBzSoTY3ZLhmVcO,1,0,FALSE
Hhd4ZRj5PFxtUOEF,1,0,FALSE
Hhgb4bnmnmGcn3JZ,1,0,FALSE
hhT4sh793tdzSRLj,1,0,FALSE
hIeI8rpxo8PkYSt3,1,0,FALSE
HIp1qXOaW1LyJRxl,0,0,TRUE
hisie5NAvFhcyW5v,1,0,FALSE
HIt9WiinWe1YyCuu,0,0,TRUE
HiZSgX4prn0xzJuv,1,0,FALSE
hj1Bv8MZvtGHn5Gg,1,0,FALSE
hJMBseMCgU9A1UcM,1,0,FALSE
hKBDG3LisSPbhsYy,0,0,TRUE
HkgAu0IZ2KXjfxfB,1,0,FALSE
hkJbj3DP4pdl0ZIm,1,0,FALSE
HKOUeU4EFJOtWF6j,1,0,FALSE
HkZSB35uNZ6qVE3o,1,0,FALSE
hL6fBaZRvgvCylsj,1,0,FALSE
HL6w7EVylf6YSik7,1,0,FALSE
Hl78pY2QFVbBs3cx,1,0,FALSE
HlaVRCA8aIoItKR3,1,0,FALSE
hlmCjXv9dzzEc4Bs,1,0,FALSE
HMbs3wlAgietdzBG,1,0,FALSE
HmcCOUykdftLG3nI,1,0,FALSE
HMrfZGdu1NgLIMs9,1,0,FALSE
hMVulfGFW6w6zq4f,1,0,FALSE
hn1j1MnxBkmG5zPh,1,0,FALSE
hNnhZZ76M8ZRfzee,1,0,FALSE
HOj14wEF9hnymQ4g,1,0,FALSE
hok2dZjvGx8A0wJO,1,0,FALSE
HOpg2Ba7kozSCLw0,1,0,FALSE
hP0gxUpSwAPHZSpL,1,0,FALSE
hp3289oOlb8nDpyl,1,0,FALSE
HpjtWifhIUx0eUID,1,0,FALSE
hpoHCvyb9W9gvRKc,1,0,FALSE
Hpur4iMC6C20j2YJ,1,0,FALSE
HQ4pYnqdUS9jQ5zx,1,0,FALSE
HqEU3tdZrvxP7qNF,1,0,FALSE
Hqv4PXmQVF5JPIgk,1,0,FALSE
HqWL9tSB5Baez6IN,1,0,FALSE
HqzkG2hliPpp9Bag,1,0,FALSE
HrPuxCxSQY8jcOQ2,1,0,FALSE
hRRfLNGeXRFNF4n6,1,0,FALSE
HRxDjOkdi1OuGFHb,1,0,FALSE
Hs6eBM3w4a0X6isF,1,0,FALSE
hSc1PSMw88czrxnm,0,0,TRUE
HsLoBCWfOpQS1akJ,1,0,FALSE
HsoVbdLfFnZxXRbl,1,0,FALSE
Hsvk4Zw4TweE2w9h,0,0,TRUE
hSXmMtEmQc5hco8h,1,0,FALSE
hTDL9cmy4bTZpIlZ,1,0,FALSE
htDvcNu3LfVlPx4M,1,0,FALSE
hTrTALD2hT7M5BNT,1,0,FALSE
HTTIrSxCe2UxkpKC,1,0,FALSE
HvTeQLBiwbM83j8Q,1,0,FALSE
hVW9Bc486bEse4SD,0,0,TRUE
HwCv0N9NWinSaiQo,1,0,FALSE
hwdr2rl7HRQpH8FE,1,0,FALSE
HwlCUWbgi1JUa744,0,0,TRUE
HwstTk9sgKyXe6M2,1,0,FALSE
HWWBh5bi5TxCgMu7,1,0,FALSE
HX3YchGqG7kYOFnC,0,0,TRUE
hXfK3tm8KDqrZovF,1,0,FALSE
hxjmFAkRevTTJ9ue,1,0,FALSE
HxvA2iyapFGgdGAb,1,0,FALSE
HXvDIFD0eima0C6u,1,0,FALSE
Hy2Eq0NEzrZqSkOu,1,0,FALSE
hY3RCtVDbL0oclHF,1,0,FALSE
hY9ku1R0o4Mhkb9S,1,0,FALSE
HyRCHEGRIiadQiBP,1,0,FALSE
HYXtpiwJACSIrU5i,1,0,FALSE
HZ1LzlSxoxFEpFAQ,1,0,FALSE
hZ7gi1FW1c6i1qeB,1,0,FALSE
hZ88UR3Zo6CQ0kMN,1,0,FALSE
HzfAL3uWeroASH9o,1,0,FALSE
hZGUeqvdjxNhiY4x,1,0,FALSE
hZhYdoTdF8lOHwJG,1,0,FALSE
HzS6h63qyXrTd4ip,1,0,FALSE
I02a7FhQSFWeOwmV,1,0,FALSE
I0FcM3WUbWwzJ7wn,1,0,FALSE
i1iYPc4pJgz2IVjc,1,0,FALSE
I3lZ4YFwpW1jtYec,1,0,FALSE
I4NJPYEnYwWQWoKd,1,0,FALSE
I4XNZZaFWOBy3nOP,1,0,FALSE
I4ZxZgx5mQCLynG8,1,1,TRUE
i5oEtrP0WCXNBIq9,1,0,FALSE
i5sIK3A6xtnExzOd,1,0,FALSE
i60EQvKQ6Byejfhm,1,0,FALSE
I6TF58MMv6pIDQko,1,0,FALSE
i7IHki8E6BeUIM66,1,0,FALSE
i7PrgDmppVf7K8ZS,1,0,FALSE
i8yCu5jjqS6FUETU,1,0,FALSE
I9KCfy4Y2vETXAsh,1,0,FALSE
i9pt2A5TIlDDcOND,1,0,FALSE
I9WDPBjyIMJZEnKB,1,0,FALSE
ia8El2fb7WyhPDz6,1,0,FALSE
IAG3odOVos8ZSlZf,1,0,FALSE
iaTJF7P1HdPvAXCZ,1,0,FALSE
ibN47PoW5mh7Ip1Y,1,0,FALSE
IBO4RztZRtb4UPPo,1,0,FALSE
iBvCmOddni8ySQ2E,0,0,TRUE
Ic0ScPCu7r7b0KaK,1,0,FALSE
Ic5MyrCXiDqOaxNo,1,0,FALSE
Icehx0neWaRiMiL9,1,0,FALSE
ICgjvBUaudKqs7T8,0,0,TRUE
ICgtCMUXksGcVpuI,1,0,FALSE
icSh6zN02wRfPKHX,1,0,FALSE
iCxydlaxJxfRySer,1,0,FALSE
iDbUTtilcmElheab,0,0,TRUE
Idk7silCZ0CVYkrN,0,0,TRUE
IdsrRAiB9b7klL2j,1,0,FALSE
idxuwq8sq2Upj7B6,1,0,FALSE
ieD5kgKuZWgIvg3n,1,0,FALSE
if26n61GWGIBrGes,1,0,FALSE
IG0NSAu0keoeRUYV,0,0,TRUE
iGt92iB9J5fnLwzr,1,0,FALSE
iGvylXgRwz0MZuU8,1,0,FALSE
IHDAYUdz2N3OLl4Z,1,0,FALSE
IHgLbQ9SfrOaYWLf,1,0,FALSE
ihNiQRYgAkZo7tPt,0,0,TRUE
IhoP0u8BVfUZRzbS,1,0,FALSE
ihs4W76P80pLf0eB,1,0,FALSE
ihZHDyIGolaVpn6V,1,0,FALSE
IiBnHR4CKHxhxTEs,1,0,FALSE
IInIofwgy8lJ577s,1,0,FALSE
IIv86iNv1fBCbhbu,1,0,FALSE
Ij48UnPViXf7Hhx1,1,0,FALSE
iJIfZfbZ3VBYDtrJ,1,0,FALSE
IJzbsRLCuN9bjJg5,0,0,TRUE
IK6TAvzMLeB8UkRF,1,0,FALSE
ik7n9gcBqiQ8C2Bf,1,0,FALSE
IKE1YD1fEw1bFvVz,1,0,FALSE
iKek4P8ncAeQviA3,1,0,FALSE
ikfB3WiyqJElw2fo,1,0,FALSE
ikNzLkDPzAL0QlKX,1,0,FALSE
ikoZwu0jYuBy2nmp,0,0,TRUE
IkZTwiKPp0HiiobQ,0,0,TRUE
IL6oWYix9viP2W5j,0,0,TRUE
iL70d9cenkEPHA8V,1,0,FALSE
ilGq5Qiw3LZPHMkr,1,0,FALSE
IlINMKoXaySp0WlP,1,0,FALSE
ilLYOwLAVX8Q6vnZ,1,0,FALSE
IM92OKScsocUOBUP,1,0,FALSE
IMcJbmA7LJW0TUvd,1,0,FALSE
iMgOfsnKjju7g0oH,1,0,FALSE
iNBXym1WEgAcHRLS,1,0,FALSE
iNdOwhDqpVxkWEls,1,0,FALSE
ini7ezxt2EblxWzf,1,0,FALSE
inXBWHix99pk0Ct8,1,0,FALSE
Inyi8wS37Kil5ecA,1,0,FALSE
IoaPeHIdV9wEU98s,1,0,FALSE
IoBc2bwrYEq8j1Uh,1,0,FALSE
iodu7M9ItPL8t0Wz,1,0,FALSE
IosxrSpUiepd6FXp,1,0,FALSE
ipjKebuBYXtSgzLf,1,0,FALSE
IQ2JXzjTcEP4jety,1,0,FALSE
IQchsJIA0ghe0pXy,1,0,FALSE
IQGiBeg0MDOghel8,1,0,FALSE
IQqlJFYzvT05c0cD,1,0,FALSE
IQXab2CVVHO0QRpm,1,0,FALSE
IqxGLiOCz8d4b0vN,1,0,FALSE
iQxytEVUGiARH1KQ,1,0,FALSE
iR1CcHfnPqbAccgS,1,0,FALSE
iRnyHFhSY3BLfsMM,1,0,FALSE
iRpYa5qlhG3FfUra,1,0,FALSE
iSFxJ4gRol1PlcVU,0,0,TRUE
isgikrckohM2qyk7,1,0,FALSE
ish9WwfZ2FbS964j,1,0,FALSE
iSl1M8icyStl6ZI3,1,0,FALSE
iTcu8RWo5M6IuFEx,1,1,TRUE
itkfXQy7Jy3WIOpz,1,0,FALSE
ITT6vD7TY2hensIC,1,0,FALSE
iuD84sJRIHLfGBa9,1,0,FALSE
IuisdAfmzxXYPQj9,1,0,FALSE
iUngGLLBiuWLp69V,1,1,TRUE
iuPQ5eY75ZT3TrCc,1,0,FALSE
iuvVsLRQHzjf9N37,1,0,FALSE
iV23azx6tjxaVKKI,0,0,TRUE
iv7D4TZmVDQpksVa,1,0,FALSE
IVG0s0wZYckjsM0d,1,0,FALSE
IVrG0es4MFXzYbm3,1,0,FALSE
ivuTBZJY9rUHOXV8,0,0,TRUE
iW0bvtv7nVLXzNNo,1,0,FALSE
IWb3J3o2ehqpVWsT,1,0,FALSE
iWGr3Ax1pI6TSeCE,1,0,FALSE
iwxeBecj9Egc6o7T,1,0,FALSE
iwXF9KUeUINHwxrj,1,0,FALSE
iXJQAkySRnJIDUNq,1,0,FALSE
ixkmvwWTtlykbZPB,1,0,FALSE
iXmkzpsUELhfa8YP,1,0,FALSE
Ixqk9oRnHQmvHDCQ,1,0,FALSE
iXrQwYPi85N8qBms,1,0,FALSE
Iy2wsNKs6NNj2RWA,1,0,FALSE
iYWa6RO7WDH5XmAG,1,0,FALSE
iyZ7N4873tlmcsd6,1,0,FALSE
izBHGX2gXVPHMSgp,1,0,FALSE
iZFEeIIRGY3lAA8J,1,0,FALSE
IZqVOg0CyBquojhK,1,0,FALSE
iZRm3Dmua7BFuTpF,1,0,FALSE
IzUbZeAxaA6v1myb,1,0,FALSE
j0gJcNxdpnyXWWVD,1,0,FALSE
J0JHtztqOA61cV2g,1,0,FALSE
j1ZUkKGErWKxm9Gp,1,0,FALSE
J2IktOG8YNRlEGeK,1,0,FALSE
J2ITOfB53oyz83Kd,1,0,FALSE
J2VfHWK9WPZutA1E,1,0,FALSE
j3bgtEbxTsGDmPZp,1,0,FALSE
j3QmumhHN2XHi0ti,1,0,FALSE
j3XQ6MedpnvxwA49,1,0,FALSE
j4pibqN2U9LjIWRv,0,0,TRUE
J5vFPcqpCnh77iw6,1,0,FALSE
J67SsaDfi3wtJiDO,1,0,FALSE
j6RPQS50zh41qTsU,1,0,FALSE
J7CqNO3ilMCBe78d,1,0,FALSE
j7ctCOO2xlmIh2Ud,1,0,FALSE
J7KGItkRJXPvd0vu,1,0,FALSE
J7naMc8qE4AVgKbf,1,0,FALSE
j8I7wF92YZt4gTGs,1,0,FALSE
j9QOCTl9R3r3BX0k,0,0,TRUE
JA7ZWvNGRJZyt9yI,0,0,TRUE
JA9PHkaRWynnhCEd,1,0,FALSE
jaKAlKMK9LVX5moe,1,0,FALSE
JaKGyl1YyRDpvNaL,1,0,FALSE
jAkxYGctwEtCTgLz,1,0,FALSE
JApdEQD2ZAJ8lLCz,0,0,TRUE
JAQCfMAiKrbPUKWX,1,0,FALSE
javVtUoVkFEJc3Ib,1,0,FALSE
jAzZxiwOIHJciX4h,1,0,FALSE
JBBr5ZkanSGb2wnZ,1,0,FALSE
JBW5sicvliN0vjH5,1,0,FALSE
JCdFy3U6PeVC5aAK,1,0,FALSE
JckUMAOflv9A6jDU,0,1,FALSE
jcvmS33DpoiScgkm,1,0,FALSE
JCxvKUUPI5kel8Sy,1,0,FALSE
JczfEObXO1zp32Gi,1,0,FALSE
Jd35qrkm4RtKo5Si,1,0,FALSE
JDr2YB1LKT6iaKZo,1,0,FALSE
Je8BZsXCueJ91HVa,1,0,FALSE
jEhK0W8eGf1BFNSH,1,0,FALSE
jEiD297qhtd1I7IJ,1,0,FALSE
jEmQVEq3Knhk0Ah4,1,0,FALSE
JeSIypqLAaRg6Cmq,1,0,FALSE
Jev5aILkbWgAhx9t,1,0,FALSE
JEy4icY54pXXOy0U,1,0,FALSE
jF2ajA9NbBw7abE3,1,0,FALSE
jFh8W1lrA0nxU5Dd,0,0,TRUE
jFhE2zgkmhqlj1cl,1,0,FALSE
JfK7129l53iAEEyl,1,0,FALSE
jFPzTo9aCDLFjIwq,1,0,FALSE
jfR6OJW4EQ4PMhld,1,0,FALSE
JG6EYuPwqaZp26qL,1,0,FALSE
jg9NwtVnUXGfsZ7F,1,0,FALSE
jGJQahM27nDaPKzj,1,0,FALSE
jgO9szxnXYliLcHw,1,0,FALSE
jgoo1l826H42ib9V,1,0,FALSE
JHeAtGuCIKY05o4C,1,0,FALSE
jhKp7eROJ9eNKZ7D,1,0,FALSE
JHL4yh6lzz98k3ix,1,0,FALSE
Jhte5Q4Zv2XoZNpT,1,0,FALSE
Jhve3IMHXHasbxyu,1,0,FALSE
jHy4ycwCWzk8MPh4,1,0,FALSE
jI9sTGz0oH1uHiHu,0,0,TRUE
jIfS0WLsXxSonf9B,0,0,TRUE
jILwFCXiSzIgKAg8,1,0,FALSE
Jj9o3beXOxnB2YUA,1,0,FALSE
JjG3vHakckbbBmrB,1,0,FALSE
JJHRSbFQwWXQZRCH,1,0,FALSE
jjIXZxIXTdxRzwyt,1,0,FALSE
JJujWBfwbInE8oJ2,1,0,FALSE
jJxt1p0LzHQVJjoe,1,0,FALSE
JkwChNX2wFiAaID4,1,0,FALSE
jl8Ni6qTwJLRnfvB,1,0,FALSE
JliIq0nMI1ojgmA9,1,0,FALSE
JLN3FPD0OAKaoxGJ,1,0,FALSE
JlPFKLfYLrOxRvXY,1,0,FALSE
jlv04hgiKRzXDGYR,1,0,FALSE
jLXWNzZTEo3VGgg3,1,0,FALSE
jlysEvJetHM29Gld,1,0,FALSE
JMCcwk9fnzSwdT8U,0,1,FALSE
jmGYSZqxFxzt4kqu,1,0,FALSE
JmjBFNzuz4XMcGJ2,1,0,FALSE
JmXbMSBhAMIMkFiG,1,0,FALSE
JMyX2spuGgMv7HZN,1,0,FALSE
Jn2swG7UWwjeBSj1,0,0,TRUE
jN8qsdhxddpAqWnL,1,0,FALSE
jnIe8cxOESvbmzJD,1,0,FALSE
jopB0paDEHctTxzj,1,0,FALSE
jopWSAsbL684ofi8,1,0,FALSE
jpEfvrXYfJHNc9DC,1,1,TRUE
JPlHR3H8Dz7bxb5Q,1,0,FALSE
JPPDMxFDizCEBX7I,0,1,FALSE
jppvCwfJveWxtBBY,1,0,FALSE
JPRdfQ5fCj0DaKUg,1,0,FALSE
JpuOLl64xs9QToPn,1,0,FALSE
jPxtaKab92Ly4hSj,1,0,FALSE
jqvJnMvcKGSMzHlB,1,0,FALSE
Jqyr2G4Lv1MRg9ll,1,0,FALSE
JqZVXXkod5C3WAno,0,0,TRUE
JS4oTjQVt9ix1TfP,1,0,FALSE
JSw6UAts7YQ9xNp0,1,0,FALSE
jTbxWUHxGKDwCide,1,0,FALSE
jtmZHX0YXBaV6wBH,1,0,FALSE
jTvCq11cN2hg2tm5,0,0,TRUE
jtxI6zcQP27l1KP5,1,0,FALSE
jUhcSJvLqC3mJxcR,1,0,FALSE
JUil3FF5VY26LkWs,1,0,FALSE
juKZg4xXGCc37khF,1,0,FALSE
juUnX9uXnCQQw6zG,1,0,FALSE
jv6kECgwv7Ws0PHm,1,0,FALSE
JvHnPYcErTSJfyIq,1,1,TRUE
JvmXhpRCASiDVlzB,1,0,FALSE
JW34j2ts7SlAPqKd,1,0,FALSE
jwoXLEzLXtJqPsGX,1,0,FALSE
JWpDegxEz8rMY0ac,1,0,FALSE
jxa4QL5f9gNF39mG,1,0,FALSE
jxgFKaRekgnAONxj,1,0,FALSE
JxhwjaqdLgWuWmga,1,0,FALSE
jXLFlNlych4ABH1l,1,0,FALSE
JXYOP5j2h9Mj4yZE,1,0,FALSE
JyGZv991Ykhjndhq,1,0,FALSE
JYORhB07gO8bCiXn,1,0,FALSE
jYpPlm3UVpM5FNWY,1,0,FALSE
jzAUHDmUXZ8Lybmi,1,0,FALSE
jzfFzib0ZqUMygfd,1,0,FALSE
JzIRwd87KfLyWxx4,1,0,FALSE
jzlpRH31oRhT67wv,1,0,FALSE
jZSa5j3GIHfe7xEJ,0,0,TRUE
jZu49hTgJxuDgwYO,1,0,FALSE
jZUrDrqFkoILXicg,1,0,FALSE
jzVHupPBy2UfomRf,1,0,FALSE
k0BRibw7uGTsKMbF,0,0,TRUE
K0QMvjVApdn49GHi,1,0,FALSE
K1nxNOZV5Tvi3P0v,1,0,FALSE
K1QzCMeEU7S0VhaW,1,0,FALSE
k2lii7GH6dz6o2wG,1,0,FALSE
k3ch7EqhIpxn7GyH,1,0,FALSE
k3DiRvf7vCEslkCI,1,0,FALSE
k3GYNVcFkc2lomDu,0,0,TRUE
k42l8e1H6xU5tEnI,1,0,FALSE
K4FnoCRL3YNJD2Pb,1,0,FALSE
K4KIDClkS1TJ4wcA,0,0,TRUE
K4u55U1vlcOm9L8q,1,0,FALSE
K5ER0Bzow8Jpm39Y,0,0,TRUE
k5xxVxStXS1N1Es0,1,0,FALSE
k5YVE1WRERgym0H6,1,0,FALSE
K6dZKddtfU8ZvmrS,1,0,FALSE
k6E8jYNKd9ynK9mP,1,0,FALSE
K7DajBPGxnxKMfwE,1,0,FALSE
K7wwuNhwYrH8HgQZ,1,0,FALSE
KADdfkFVaKjgb6NI,1,0,FALSE
kajFfAPItoaFdSvt,1,0,FALSE
kAKfLnrxMjI47lq6,1,0,FALSE
KB3RiujKFV9Z8S2e,1,0,FALSE
KBs2bvUYGBue9dmw,1,0,FALSE
kcBrHWKe1YIlxRV3,1,0,FALSE
kcJHADqEuHIG5MWe,1,0,FALSE
KCpxnu0uhzDVxLaT,1,0,FALSE
kCQpffq6eEQ7YGNe,1,0,FALSE
Kdeo5LXRyW3Tq5qh,1,0,FALSE
KdfxJUrsN0H9L5Oj,1,0,FALSE
kDiOxre02h7B0y9w,1,0,FALSE
kdlnYbLEsd2I5vdv,1,0,FALSE
kDnafuvGEX8hflH7,0,0,TRUE
KdsW4HIdx5th1wDq,1,0,FALSE
kdYp7Bhxletj6hXo,1,0,FALSE
KE7V8gGrmBMIYGTl,0,0,TRUE
KE7yCONDIanFerYF,1,0,FALSE
KeeZ6c4AbX3APoA4,1,0,FALSE
kef743s8T7A7Jr8r,1,0,FALSE
keIrh6CH6VnHCHcs,1,0,FALSE
KeNzFnY0ky81vRXe,1,0,FALSE
Kf0kFvlLkOzbClcJ,1,0,FALSE
KfgRy9o8Q5VOIQnd,1,0,FALSE
kfPevMI0HOzxIdW5,1,0,FALSE
KfvJsMY5TkC28qYs,1,0,FALSE
KGGpHeHWKsOdPQlz,1,0,FALSE
KgMLZ43cfC8aPyOs,1,0,FALSE
KgX8MiA6Jr1fuXim,1,0,FALSE
KH0G6OjehH14o75s,1,0,FALSE
KH1T1LsEceGZvbd5,0,0,TRUE
Kh7KNjxy6s2cwwHt,1,0,FALSE
KHjYVIzXtPdcbOfK,1,0,FALSE
KHogVGSkNJjJwLI1,1,0,FALSE
KhXgS6id5ReAS47x,1,0,FALSE
KHY1oicuhEWUSAY9,1,0,FALSE
kia4sfTPLmWSuSKi,1,0,FALSE
kIMNVpWPiVcZ7UVw,1,0,FALSE
KIokQ3rbnhO2cRfH,1,0,FALSE
KjOEEuu6n4sd3a7L,1,0,FALSE
KJvdbfOmnHEzX3GU,0,0,TRUE
kjy8edWE43imsSAB,1,0,FALSE
KjZxNv6lmgt8XsQC,1,0,FALSE
kKEXdOGIPqQwVM5Y,1,0,FALSE
kkMx4so2bQxTxzVY,1,0,FALSE
KkxdOcuXZArW3XxA,1,0,FALSE
Kl0PYoKXy2zEi3Km,1,0,FALSE
kL0SsRBi7mFvrWtb,1,0,FALSE
Kl2O8OVbQPghnKzC,1,0,FALSE
KLAEiYtPvkTiZa3T,1,0,FALSE
kM45nulSJeM9sEjS,1,0,FALSE
kM8g8KG0Fd0TXIzq,1,0,FALSE
kmdLzo57QroG3CBs,1,0,FALSE
KMh3ZvpYivmvJ61W,1,0,FALSE
KmMUXaKePrQV9Fhn,1,0,FALSE
kmNiauh7gVD3dUBS,1,0,FALSE
kMWzpEuGymQ9Gkgx,1,0,FALSE
kmZIt8FmvCGrbOBN,1,0,FALSE
KN9DbdZ0ooy3PdwY,1,0,FALSE
knMNGezzCDMWvslv,1,0,FALSE
kNZV1traJoM0XUFK,1,0,FALSE
kozqIEW1eIrkVNnt,1,0,FALSE
kp2nKOlEyumBXNyY,1,0,FALSE
KP63sm5vF0mJWK0o,1,0,FALSE
KPMR6kagdS7dwsdO,1,0,FALSE
KPYmrIVuiXNnhyIs,1,0,FALSE
kq5QQvdaRG45RpMc,1,0,FALSE
KQDOQRG7niwLGSYF,1,0,FALSE
KQu1bz4tEBl1oa5k,1,0,FALSE
Krpib27gCr3u5RHN,1,1,TRUE
KrTftZgIJXNWW4eR,1,0,FALSE
KRXRd1xYPDl62AT0,1,0,FALSE
kSlEvC3tev6LZPWY,1,0,FALSE
ksn2uRxMRo2vOyDG,1,0,FALSE
KSnBtl3tY7AXwyJO,0,0,TRUE
kSOCQWrspITtgifh,1,0,FALSE
ksqoHuztVFo66wmF,1,0,FALSE
ksRAgrvuXyaLBNyy,1,0,FALSE
kT8JPX4iTWwVsiMU,1,0,FALSE
kTlMdFBTYxlcVx8x,1,0,FALSE
KtSIIUPMTZO7gfQy,1,0,FALSE
Ku9DuhEU6rQkoO5s,1,0,FALSE
kUJDBjhhXuOW8Ac3,1,0,FALSE
KuMQP6cRQy2oF86F,1,0,FALSE
kUnf8Ph3OeedMXSp,0,0,TRUE
kUSwaMoWIbVcwwdD,1,0,FALSE
kvXsC0vtssVkDnLM,1,0,FALSE
kW4jla1odglbkNYt,1,0,FALSE
kw8YDOnG4GKItNdO,1,0,FALSE
KwDOUMpczrpx3XSx,1,1,TRUE
KWkObRHQKMkwd7fH,1,0,FALSE
kX4xTGDe3tJb6oFF,1,0,FALSE
KX7K9dCNz8HJmnVD,0,0,TRUE
Kx95ume5bRK4v9cJ,0,0,TRUE
KXBMJB7mZ85i5XYo,1,0,FALSE
kxkYx0sVnc2jse3L,1,0,FALSE
KxtzKZA2y446FLLx,1,0,FALSE
KxYW88APfVDlpRy2,1,0,FALSE
KY3ux7n7X4woSDkg,1,0,FALSE
kyhnh93bA40KBRlC,1,0,FALSE
kyjcChBB5YvrfyRN,1,0,FALSE
KyL5y84YoKYvTe75,1,0,FALSE
KzsnvLADEyedbIZU,1,0,FALSE
kztJyVavk0LOfq1n,1,0,FALSE
kZXqlRkaKP14hJ85,1,0,FALSE
L0t4HaotqUuFFxxw,1,0,FALSE
l0vgpKJcyWgqVXVl,0,1,FALSE
L11K41P5lRWZllpu,1,0,FALSE
l1Bco1JtgQ9iV7kv,1,0,FALSE
l1mJcfIAVZyOWVvc,1,0,FALSE
L1n8JWbJLS51WQdi,1,0,FALSE
l1ZuXzZ2RTJQSHnA,1,0,FALSE
l2BFJDlvyqmZHQpj,1,0,FALSE
L2l77RvVJsHjN684,1,0,FALSE
l2y9uWGbVDNmYu8a,1,0,FALSE
l3cdWr9SpdTnEiZe,1,0,FALSE
L3j1ff2xMPrKVUdQ,1,0,FALSE
l4htPIxfUgEOUIwi,1,0,FALSE
l5xFbFe7PND5lZMm,1,0,FALSE
L6ICQjXZGwo1NPch,1,0,FALSE
l7nuvXsNzeJEEiSw,1,0,FALSE
l82Dxe56oU3CarrJ,0,0,TRUE
L8qNXO7L972SQ3TZ,1,0,FALSE
la6rihRkS6J45Toh,1,0,FALSE
laCJqCkjpfoQNnVR,1,0,FALSE
lAcy6h46D0Sa9pJu,1,0,FALSE
lBIFJOFT9cFcwgXW,1,0,FALSE
LbiJYVmylIHyH6nI,1,0,FALSE
lbmLkQ04GgJxQs7h,0,0,TRUE
lbSCp13F1ssfvDNm,1,0,FALSE
lBWkdq9hXdp0R4VJ,1,0,FALSE
lCaKerN8G6jTxHkA,1,0,FALSE
LCINtGoGLhCZ76pZ,0,0,TRUE
LCkkqxwlROjpIGJv,1,0,FALSE
lCsDYwewODHIeGgn,1,0,FALSE
lCu4wQ5C6iMQsDtQ,1,0,FALSE
LD0Im2WQuDdb1ESo,1,0,FALSE
lD2yioPRDLsarHf8,1,0,FALSE
lDiWPtVyVmrTaH9l,1,0,FALSE
LdlzPHOhmhMUZZM3,1,0,FALSE
lDqAmWGx2RbQaPdf,1,0,FALSE
lefGKokImcIpXz7c,1,0,FALSE
lfhdSbkjkYV8WA1I,1,0,FALSE
LfivlfB6QGPm8OBn,1,0,FALSE
Lfq7CFeTtbU9L5Vs,1,0,FALSE
lFUEZdlf6vzYkgwf,1,0,FALSE
LFzGesDwLhSoDCHz,1,0,FALSE
Lh6JqfO7abN8tEYB,1,0,FALSE
LhE0ey3sSEfHHCmg,0,0,TRUE
LHjFErewGJNFPru6,0,0,TRUE
lhqoJeWIeN62Zef8,1,0,FALSE
LHqWGmnvrIv73A8N,1,0,FALSE
Li9O6XiQNceayDFw,1,0,FALSE
lIAVD7VV32tMVHXu,1,0,FALSE
LIF17Q3UzN4Vb2US,1,0,FALSE
LiF6wABcjxnzk2eD,1,0,FALSE
liFWmt0cDhqIrSAN,1,0,FALSE
LiHwlethiacqWXsH,1,0,FALSE
lIJO1wT23oi5fZmW,1,0,FALSE
lIQ6wGsuRIVfTHjP,1,0,FALSE
lIWWOdc5sSOhapVe,1,0,FALSE
ljcYCupDCNL3M9X5,1,0,FALSE
lk8cb5RZNsvVxCdo,1,0,FALSE
lkfbncoipHqVE1Gf,1,0,FALSE
lkFV3vbWGPTwIUQz,1,0,FALSE
LKG3swSUaX6f0a5K,0,0,TRUE
LkPbBx5jpJ6qgEWX,1,0,FALSE
lM9sSGOA4GjpcZca,1,0,FALSE
LMmOR9KqcXAnK1VN,1,0,FALSE
LMOUo3pglkPArTkG,0,0,TRUE
LMRZ98m7ZPdMjZ0W,1,0,FALSE
lMxsl5k3gFHlOGrh,1,0,FALSE
ln5Vb5ODryOrRtaf,1,0,FALSE
lNa7NRtc7ps5vG8z,0,0,TRUE
lNMm5XDrQHr9xAeM,1,0,FALSE
LNoAz47UyAaYXCRE,1,0,FALSE
LnQt9WR3Qu72Qsrm,1,0,FALSE
lnSkXd4uVIWXbOay,1,0,FALSE
LoGRJPssk3BmsBnF,1,0,FALSE
LoHdPuXAPAyDhBgD,1,0,FALSE
LOqgjjGYxtKfmYh3,1,0,FALSE
LOWo0J4YAM6iM9kh,1,0,FALSE
lPNhPeR0kuesuv5Z,0,0,TRUE
Lpup4EQ2HvKDlVNH,1,0,FALSE
lpX9n2YaFO4sFFwk,1,0,FALSE
Lq8bYU0JxCdyyziv,0,0,TRUE
lqC9TJRigEVZkVVu,1,0,FALSE
lqUy3mbBymaMj92E,1,0,FALSE
Lrq2rSo4pngNdBsv,1,0,FALSE
Ls4qeRA2darEEmSn,1,0,FALSE
lsQnqjSwy0nBxIJT,1,0,FALSE
lst3zgFR0oNbAKhl,1,0,FALSE
lTAF36HJhQQL4fwC,1,0,FALSE
ltmuiFfw3aEUp0UO,0,0,TRUE
lTNOpbLen2sc9QlM,1,0,FALSE
LudfWMaozCpabNvh,1,0,FALSE
LuI9ZCRCMyg6nrbz,1,0,FALSE
LUpOGQuF77Rqknrk,1,0,FALSE
lwbzRsyILHMJHvct,1,0,FALSE
LWkgBg54HE4Jvtt3,1,0,FALSE
LwpqIgU0QGNelDiW,1,0,FALSE
LwrxtqkvzD1kds1o,1,0,FALSE
LxAXPoxt6mQfqQhG,1,0,FALSE
lXI38XIGDyqB6q0Q,1,0,FALSE
LY08adktLBc6j0NG,0,0,TRUE
LY6iZJzRQcT8cgZa,1,0,FALSE
lybTHh0GJvWazAv2,1,0,FALSE
lykCxiZhsTQpohDj,1,0,FALSE
LYltdOTdWoh4psev,1,0,FALSE
LZeizGKWA9aT0CqP,1,0,FALSE
LZLZNQaVpoVHmZFw,1,0,FALSE
lZoYQ5gMB6yEgQjb,1,0,FALSE
lzuh7H6BINzv5DIo,1,0,FALSE
M0m3hXPRVulgonUa,1,0,FALSE
M1AqJsBYJ80uX5Kp,1,0,FALSE
M1Sz3ZymSnC12br5,1,0,FALSE
M3mCrTmoBWg6HGbC,1,0,FALSE
m3UJtaGLjzFiud09,0,0,TRUE
m4Nae5oUob2wWRk5,1,0,FALSE
M56DnPassFuIuA8R,1,0,FALSE
m5e5ktdfxZklhyss,1,0,FALSE
m5p9nNc34iWbe3C4,1,0,FALSE
m5YszsCtnNAkSMPB,1,0,FALSE
M65uJvvH3ORpkrHq,1,0,FALSE
m6qKokVhfF5lNJu5,1,0,FALSE
m796bw7z1P6M1bsr,1,0,FALSE
M7O6hxngL84Drhbb,0,1,FALSE
M86455Vyg2X4gOm1,1,0,FALSE
M9cO7WpTDtPfLPrN,1,0,FALSE
M9Ld1xHJ5ktNbuez,1,0,FALSE
m9zczvoeyEHcdGfD,1,0,FALSE
MacRJMrzGtOowvvY,1,0,FALSE
MAG4QtcTRq9fxsD8,1,0,FALSE
MAL2PRAs1ZrrKJfV,1,0,FALSE
mALqnk9rzYy8fqHJ,1,0,FALSE
MapJNilhqeKmAycm,1,0,FALSE
mas9vfcHZimUNeXS,1,0,FALSE
matJgBGN2uICrI7v,1,1,TRUE
MboVSxw06hlMH0QG,1,0,FALSE
mc2PEu4jFM9RVm9x,1,0,FALSE
mccWyBFqhpN4gn1P,1,0,FALSE
McIyPjxxm5fQ0YWN,1,0,FALSE
MCkZ9pylsZgHmubU,1,0,FALSE
mCU1Wvkx3XzUOjSh,1,0,FALSE
MD1FC5nWPNa2qyN1,1,0,FALSE
MDIRxLCWbaygKNst,1,0,FALSE
MdTylDBKMhjaXdeX,1,0,FALSE
MDVU27ZnW2ZyTtB7,1,0,FALSE
MeFPnZhBiCNh8zk0,1,0,FALSE
mEOUEQ7dd3Kj1iio,1,0,FALSE
mFt4whkvWKBA5ocw,0,0,TRUE
MfVDJolEuVl3uaXP,1,0,FALSE
MfyTpihX1KrVsmXx,1,0,FALSE
MfZXhM7YWfgLGvGN,1,0,FALSE
mG4VR34J2iSsImv4,1,0,FALSE
MgESMCF0gYwHoS3a,1,0,FALSE
mHiMxA69I8ynEatp,1,0,FALSE
MHisIYtgTrtwBAAu,1,0,FALSE
MHP69cQAWKa21jGc,1,0,FALSE
mhwsJHLXCOLh9upn,1,0,FALSE
MHZkjjryqRBJQ4FO,1,0,FALSE
mI8rGs5LB5YYv9C1,1,0,FALSE
mIiJZnusbCuFX1Hr,1,0,FALSE
MIJMYo0tFR0u0IRB,1,0,FALSE
miLkVj0Hf7Hd76bE,1,0,FALSE
Mj6FGYRbkkTvzr9a,0,0,TRUE
MJ9IxGeMZbA5MfjJ,1,0,FALSE
MJJrR59Q5H40vMDP,1,0,FALSE
MJkNt8Tj1l5HhIzV,1,0,FALSE
MKNpufMcQtMq8aGJ,1,0,FALSE
MktJvQHWKXu6gy8a,1,0,FALSE
MkYR7M12IMRd60MU,1,0,FALSE
mLENh9eYJvP3MWIO,1,0,FALSE
MlNxhONm5ZiRbP3L,1,0,FALSE
mLTMtZhMdZBY4E9i,1,0,FALSE
mM9USLTrgYNYsFba,0,0,TRUE
MMU0RXGHSZ3gZZS4,1,0,FALSE
MMUVsLTebg5QwiFm,1,0,FALSE
MmwvZtHxcPD0ONSU,1,0,FALSE
Mn6t5j9WK1NI4r32,1,0,FALSE
mNa1Juu0mfDXwt8K,1,0,FALSE
mNjD5p2u3UxhdIyR,1,0,FALSE
mnNQx79dJjJr1Fmc,1,0,FALSE
MnU2FfhgWGRX8qdI,1,0,FALSE
MnvffgOvKr3josPG,0,0,TRUE
mO2VwU2AvKtZfB9w,1,0,FALSE
mo8lZKu3pFyZgm1T,0,0,TRUE
MOIEzm2LQ72i5LyC,1,0,FALSE
MoJdw3aGaHaPLNuG,1,0,FALSE
mpJ9ZzKlwRvK8Lv8,0,0,TRUE
MpN0pfRurH4yL9pN,0,0,TRUE
MPr8N259HiGshArq,1,0,FALSE
MprAPfE7jeUHLFeR,1,0,FALSE
MprNEkusVPhFkDsA,1,0,FALSE
mPwNUzhDqGNMtZM1,1,0,FALSE
Mq2qkA3BJJHXnslq,1,0,FALSE
mqBjbRMqVlnbw19e,1,0,FALSE
MqpjGQ3AWWir7duc,1,0,FALSE
MQyz5CAhY0fox9Kx,1,0,FALSE
MrBCKQtnBITaC4Ef,1,0,FALSE
mRBw67BljSwa67PQ,1,0,FALSE
mRcY7whW09OuSBn0,1,0,FALSE
msFMs72RFFBSz9r1,1,0,FALSE
msG5yufGiya55f8h,1,0,FALSE
MSJSjXIYK5JKprjG,1,0,FALSE
msXI0pvTjaBdyy4x,1,0,FALSE
Mt8aKqqiz03uIrDH,1,0,FALSE
MtJWYe9dwP7DxgZD,1,0,FALSE
MU0T4wF1HtWjxRZv,1,0,FALSE
mUFXuXfCfCzHN5H0,1,0,FALSE
MUJ1fhRavsvPjjI8,1,0,FALSE
MuQ3ur6mALmUCAqb,1,0,FALSE
muwUgFgPeqll3WiK,1,0,FALSE
mvgwyVZHuhtZtyg2,1,0,FALSE
MvhyFXswgsGCCHrY,1,0,FALSE
MvnMCGylEvAG7Erm,1,0,FALSE
MvwB9snODmgM4eRS,1,0,FALSE
mwUaI5dKNJR4eh0m,1,0,FALSE
mx6I2SRsWjC6TvBK,1,0,FALSE
mX6v4Wid0V7g7SLg,1,0,FALSE
MXa2cSz4Vyjdcoit,1,1,TRUE
mXm88DDq2rSwayo8,0,0,TRUE
mxt097AtszNkNlLQ,1,0,FALSE
mXTvdvzKRLWlWhnR,1,0,FALSE
mYAPt2OBgpI5IeFh,1,0,FALSE
mydoXl7WOk1WDfzc,1,0,FALSE
MYeuKRv2RBlJIcQ9,1,0,FALSE
mYi0PEyes7BHiYMj,1,0,FALSE
Myn7WsfSKXCnU9Qv,1,0,FALSE
MYnCG12Diw2qwxv2,1,0,FALSE
MYV6hkV5vshW6x3o,1,0,FALSE
mzmWDkOI43VtPbHz,0,0,TRUE
mzWogB4gqhS9rGzl,1,0,FALSE
MZzCT8bBLsoD70nP,1,0,FALSE
N06hmTzKq6Sh7PD9,1,0,FALSE
n09ju77sYGiG5L1h,1,0,FALSE
n0gXlRQxMVAWpa06,1,0,FALSE
n31cNfrr6lId1I4U,1,0,FALSE
N3q57B2XgTzO44kN,1,0,FALSE
N3tFqUfGLPDBKl4a,1,0,FALSE
n3xBq43wbt4y0ahF,1,0,FALSE
n4f1JBSGz01IkFIC,1,0,FALSE
N4jxoqRBbukTkSZJ,1,0,FALSE
N4Z2ul9HMEcf04NM,1,0,FALSE
n7bs7FpwfYpBGVk8,1,0,FALSE
n7ell62lmHKqyWwS,1,0,FALSE
n86L0j6k0vNxVAGM,1,0,FALSE
n8AQSafWzyK5zZgb,1,0,FALSE
nAc3JaSwzcZYWkfg,1,0,FALSE
NalxxcpwAf7DhZkc,1,0,FALSE
NAonAS0zLYA3RCiX,1,0,FALSE
nbTF6FhEIy83MjlB,1,0,FALSE
NBtyg692qOp1IzrP,1,0,FALSE
nC1zsNlDvrzpicBx,1,0,FALSE
nCwL8b6CKbi1RIOZ,1,0,FALSE
ncwxN4Pq8HSi91JI,1,0,FALSE
Nd8yN7704RVQ0bTP,1,0,FALSE
Nd9hQzbLCnJV9dtO,1,0,FALSE
nDvhw3CULa4pJPCJ,1,0,FALSE
NdVXrE7tpZZOlHOj,1,0,FALSE
neBilHSTXwn01Ol7,1,0,FALSE
nEDi3waDA54LI7cB,1,0,FALSE
NeIksVQtgYhfH4RW,1,0,FALSE
NEkGhfe4DY82BEAu,1,0,FALSE
nEosc39z01RG1Lsd,1,0,FALSE
neSsIsLQ9XiSE0rC,1,0,FALSE
neU1wdZuOlcL1C2H,1,0,FALSE
nEZm53TPL7827Vlq,1,0,FALSE
Nf14H9TaQr1c94VN,1,0,FALSE
nFBgfswJY7q6H6fb,1,0,FALSE
nfKpO0l9QdMNUh1P,1,0,FALSE
NfwJBKR7qjtN6b2o,1,0,FALSE
NgCat3tGiCjtrcbX,1,0,FALSE
NgqDHrJzJLGfmRaB,1,0,FALSE
nhDV9ZKgfNORutb4,1,0,FALSE
NheKPXZrkQ5jgMGy,1,0,FALSE
nhiiW0v0W1kktvJ5,1,0,FALSE
nHlNPurj4Xn8s2yG,1,0,FALSE
nhoPx2H2HxGC3TEb,1,0,FALSE
NhSD2Mt0ooBNMPAZ,1,0,FALSE
nHVLAYoKRzl6PDpX,1,0,FALSE
nhYRYWqfhHklvT2P,1,0,FALSE
Ni01JYkQgKcZFpCy,1,0,FALSE
NIaPmj544kZWrkjw,1,0,FALSE
nIEgtSdYmwgzJXS7,1,0,FALSE
NiELrmPJLxfzv1ME,1,0,FALSE
NIiFKmsognpKwuXk,1,0,FALSE
NjfVw8NJWmssFT5D,1,0,FALSE
NJZ7sPqwWDZf9oOD,1,0,FALSE
nkDZFBIAZ2h90ryr,1,0,FALSE
nkEijinUKblmwQ76,1,0,FALSE
Nkej06FHMJFCwATV,1,0,FALSE
NKMWGkOsHLmWvDvN,1,0,FALSE
NkQc5fshwhjBsLaQ,1,0,FALSE
Nkr59dTB4gqF6e8s,1,0,FALSE
nKrjab7LO77nKD20,0,1,FALSE
NKyoMigiB42dMlEK,1,0,FALSE
nkZhVkKsXn8BoREn,1,0,FALSE
Nl05SNHwjQGdfSfV,1,0,FALSE
nl8U3FkvXSDmQQ5Q,0,0,TRUE
NLCYzq7lnWTvRr9j,1,0,FALSE
nlDMvlEwEAcVZH9e,1,0,FALSE
NlMLrKjReVAnUEQN,1,0,FALSE
NM2j49C54eMqqw6m,1,0,FALSE
nmcElQ09JUO9zCkw,1,0,FALSE
nMLw8tv1UmnRgeS4,1,0,FALSE
nN1IBQK1txoHH3W0,1,0,FALSE
nnJ5Ys2vMFyZAL5w,1,0,FALSE
NNtf9UP6rflbmfpD,1,0,FALSE
NnUoEO9aiLv8RIlW,1,0,FALSE
nNzweHu7tw7xLKcJ,1,0,FALSE
NOE5BZn51aUjzr4C,1,0,FALSE
noOJErpccgFF9u6f,1,0,FALSE
nOWGFpE7IssaeULh,1,0,FALSE
np6TBycLJhPAjEze,1,0,FALSE
npM0fpH1UMHNOTtA,0,0,TRUE
nPre69ZcDeZWvK7p,1,0,FALSE
nQ5pXryyJYm8036y,1,0,FALSE
NQaGPuQjxXGx40jt,1,0,FALSE
NQCw9YyeaaR9aJFz,1,0,FALSE
NQgjDIfAigxJWYmP,1,0,FALSE
nqjfif5ckvOCXA56,1,0,FALSE
NqkdLJLhyqELwYBU,1,0,FALSE
NqnWncFavWyQUk4U,1,0,FALSE
NqtSfTGVU3zhM0VR,1,0,FALSE
NRgh0Q304ewGmOND,0,0,TRUE
nRizD4qJ46z9A4xb,1,0,FALSE
NrZVBcwH7E8dV2fo,0,0,TRUE
NSF6FsjoH41G1cLG,1,0,FALSE
Nskq2u2Xy0zXUb7I,1,0,FALSE
Nt7qipUMSyPEzPBZ,1,0,FALSE
nttOxPrXLpAATqT7,1,0,FALSE
NTZmJVTH6VXALvQg,1,0,FALSE
NUNDWlVr6zD4fPQY,1,0,FALSE
NUokKLaZi47lSOlr,1,0,FALSE
NUrS14XHS4EEnJaw,0,1,FALSE
NuS0b2VILSS2d364,1,0,FALSE
nuTmCimy53zxyQfA,1,0,FALSE
NV77T9EoKZTjAdXm,0,1,FALSE
Nvb980OXFhG0FaBr,0,0,TRUE
nVbrZ67CMoQPWDm6,1,0,FALSE
nviAP5jvkOwdBErR,1,0,FALSE
NVikm7F8s0F5MDS8,1,0,FALSE
nvMj8HXBeVixSU52,1,0,FALSE
NVnVffxXYsVpEyQU,1,0,FALSE
nWLiyqo5uXPJG55x,1,0,FALSE
nWpNiEQ7IUISBQE2,1,0,FALSE
NX7bDroyGQRpmt7D,1,0,FALSE
nXajkXU8XAy25rDB,1,0,FALSE
NXavynTrFeuwBial,1,0,FALSE
nxczcZ4WMxSfPSqM,1,0,FALSE
nxelg21A0Ajnq20E,1,0,FALSE
NXflwnpVtEl3QGD4,1,0,FALSE
NXP0GODBgS5IaV63,0,0,TRUE
nxqi5yY3mqshTxda,1,0,FALSE
NxTKMfoE3drCLhTt,1,0,FALSE
nxTTncpMQW9lXS7j,1,0,FALSE
nxYcfZN7RDsw3HDK,1,0,FALSE
nYiXJo82e0ieILQ4,1,0,FALSE
nYLdvOpemwUP2b9G,1,0,FALSE
Nz8YobFgaqQCyk3N,1,0,FALSE
nz9Zy6ZzBxi2Q1s4,1,0,FALSE
NZb2Ij0EjTW4WyaD,1,0,FALSE
NzQBLsBCUnQVtXPK,1,0,FALSE
NzS612gGF8ymBSaZ,0,0,TRUE
O02su4e0NnB2cUt8,1,0,FALSE
O0jogklWlhFQUuhv,1,0,FALSE
o0YVHIeukf0AkVuw,0,0,TRUE
O1kLJgc75h0qXybH,1,0,FALSE
o2UwM7ZkHiJlF51K,1,0,FALSE
O3cohdR72FMQ6206,1,0,FALSE
O41AJyVFnmsyiA8X,1,0,FALSE
o43vPpr14tppTKgL,1,0,FALSE
o4GaTnAB6SIyJhFG,1,0,FALSE
o4W20ze94wtigubt,1,0,FALSE
O690k1uhhcuf7yLo,0,0,TRUE
o6IqXmdfnLkl0TKJ,1,0,FALSE
O6ytuRbqUWodUmbV,1,0,FALSE
O793t9EsvHpg67c0,1,0,FALSE
O7Ked7qhHwWLD4g3,0,0,TRUE
O7PBWag4OgIgLa3Q,1,1,TRUE
o8VMyJs8X67cjl9r,0,0,TRUE
o91Ihi2M1uAel62R,0,0,TRUE
O9P0yJRVuPHAFHxr,1,0,FALSE
o9YIPQshMuzwQ5kJ,1,0,FALSE
OA8FBcFChQkygyHR,1,0,FALSE
OaI6T1QGdQU9stgO,1,0,FALSE
oaisT5DpOFLZwgbg,1,0,FALSE
oaw0YYgD5cKq4yii,1,0,FALSE
oB63rWUE6fnGkK9h,1,0,FALSE
ObFPnHHths8uRs4T,1,0,FALSE
ObFWnA9z3pVAyh0R,1,0,FALSE
OBOAKd7zOSID4BVc,1,0,FALSE
OByiMvSBESsZzbaK,0,0,TRUE
oCEkvELvx4S28zA3,1,0,FALSE
Ocg9lSjEOiBt9O7v,1,0,FALSE
Ocia8rdbARMHwWVQ,1,0,FALSE
oczX2sPrWo6NgbYk,1,0,FALSE
oD5qdzZql8JBzSTg,1,0,FALSE
odEZxAtMUYTF6Z2n,1,0,FALSE
ODm9b40GsqP2QAsu,1,0,FALSE
ODOoecqWzzrlN0iJ,1,0,FALSE
OeHCEckbNySMLkWO,1,0,FALSE
OEZBOmFgti53RuU2,1,0,FALSE
of8661ZUO8lpfXKt,1,0,FALSE
of9CFujHBVh8Fd2N,1,0,FALSE
oFafD8zzSdDKRnMe,1,0,FALSE
oFcUrM5UR3nmKq1O,1,0,FALSE
oFF9LlggL4sAV158,1,0,FALSE
OFGE2bDyTpdMQYgV,1,0,FALSE
ofgE5cZVrIkcG7yE,1,0,FALSE
OfrtTUstcOLoHSVf,1,0,FALSE
Ofsix8tsd43qeKs9,1,0,FALSE
OFyAclqfPJAYl056,1,0,FALSE
oG7F26L2ebWgXuIY,1,0,FALSE
oGA7Pv7FHrC9kf1V,0,0,TRUE
OgbmELSpa0EHR3tq,1,0,FALSE
OgG1cpOX1Ad4goVz,1,0,FALSE
ogiosA9yBphuICZT,1,0,FALSE
ogljIpva7rHrgtyh,1,0,FALSE
oGOFO2YbugkukkZj,1,0,FALSE
OGOqJ1elNQWQNeu8,1,0,FALSE
ogsCBD7lNOiQ1mcf,1,0,FALSE
oGvQ6vHEhLyvCmwW,1,0,FALSE
ogXNTNrIhmeKjsgX,1,0,FALSE
OhLlWXMFwxf8Lbiv,1,0,FALSE
oHQccwkVITSQRVvz,1,0,FALSE
OHqHmwNy7PqrE2yn,1,0,FALSE
ohSPJIFF37W4ohFI,1,0,FALSE
oI3EtbKIgbosGRPs,0,0,TRUE
oid8T0O7mQZkS4yv,1,0,FALSE
oJ6SXI2jjKozUzxU,1,0,FALSE
OJ9peCzxIdBfXtIE,1,0,FALSE
oJbzAH9xwG9y5NaT,1,0,FALSE
ojMJ2vS9WeKwLwbv,1,0,FALSE
ojUsR8CzEzkgChxX,1,0,FALSE
OkQMt41b5xYY90Qw,1,0,FALSE
okretg9hsI23tVnK,1,0,FALSE
OKRFWzWM0wFGVoWL,1,0,FALSE
OKvrXAQN0i2eN5KT,1,0,FALSE
oLoMmpG6qLIepy1o,1,0,FALSE
OLtqV7KQSyIHLzal,1,0,FALSE
OmdBACqd49Qc4wjy,1,0,FALSE
OMdLAHljLoFaZAes,1,0,FALSE
OMJpWGv3SPPpdXTN,1,0,FALSE
omJRuLF9kySzDmtC,1,0,FALSE
OmOJxsp7DSq2nEMV,1,0,FALSE
oMOk2dsBCkwCGHLI,1,0,FALSE
oN5xbpCPpn5MDfBJ,1,1,TRUE
on7Wx8c44moamUG0,1,0,FALSE
OnDBf2YyhoWyL6wA,1,0,FALSE
ONElCUBZBRgHwiCH,1,0,FALSE
ONhwfHtYEaYgIdwz,1,0,FALSE
ONnE7fymKL54eYc3,1,0,FALSE
oO0ycp1fnZD2xeGN,1,0,FALSE
OOcotapojpuWtjFK,0,0,TRUE
ooesV90U8CwIDhrw,1,0,FALSE
OOIoeZRMLgNOqXHc,1,0,FALSE
ooL5ieDzNhTNAaTg,1,0,FALSE
ooVWZjEtdsaebpuT,1,0,FALSE
Op8nzmTiUHF4EDW6,1,0,FALSE
oPBCrFkRWtJGb9Sa,1,0,FALSE
OQ3pYzKryHLQHECB,1,0,FALSE
oQ79ILyMT3B4NtUc,1,0,FALSE
OQaNG35BagwfUMW4,1,0,FALSE
oqDQ7O7TvLbPH7sr,0,0,TRUE
oraNpkouK5FdeFTJ,1,0,FALSE
oRCHyTkEjV90h7rW,0,0,TRUE
Ori5kIndY9k5ezJK,1,0,FALSE
OsGtq0PiZJYe0q49,0,0,TRUE
OsmL0z6fpb7zxbrL,1,0,FALSE
OSUrG8FXOUZdGj6b,0,0,TRUE
OtCWJF10y5fLyqMU,1,0,FALSE
OTSeOsGTf8vyOvc2,1,0,FALSE
oTYn7Rws1zAwLwED,1,0,FALSE
Ou5sA01p6V0iHNut,1,0,FALSE
OUJ11FptdW1yDUqb,1,0,FALSE
oUTEVyrqhGoYuNjF,1,0,FALSE
OW0gsx1E8GISiDpz,1,0,FALSE
OWdJ2JC4pgw2tJMz,0,0,TRUE
OwhaOZB8OVZGw9CQ,1,0,FALSE
OxDsGDJU3l70KjjN,1,1,TRUE
oxN081gWydunGEq6,1,0,FALSE
OxTXZET9tx03dJju,1,0,FALSE
Oy28MqIeRAN5fJqR,1,0,FALSE
oyAIXCKEy3uMNsZ3,1,0,FALSE
OyGDfZxzZdUIG74u,1,0,FALSE
oyTyexgUBjWUI6ZV,1,0,FALSE
Oyvala3VZEZuYU7a,1,0,FALSE
OYyErDMfhWH6x56I,1,0,FALSE
oz0U4UHDke4CQpuO,1,0,FALSE
oZ5fF5PBQ06bJwRM,0,0,TRUE
OZchGgcOItn1l5rj,1,0,FALSE
oZWKOwMj2TRdMMSE,1,0,FALSE
p01821p0lCvt19mj,0,0,TRUE
P1bXIrsQ2w3cAfkE,1,0,FALSE
P2tOa2LgqdTyPawh,1,1,TRUE
P44MaZbhOsi4dCkE,1,0,FALSE
p4sqQvQn40iTBDwZ,1,0,FALSE
p4XjcW6MuIsnYdtJ,1,0,FALSE
P5esAZlte2DvVESh,1,0,FALSE
p5Fe1fTjURCFZ1TQ,1,0,FALSE
P6642UiQz8j8BQnI,1,0,FALSE
p6CqIA3DetzfXziF,1,0,FALSE
P76d1wK5WdbWIwXl,1,0,FALSE
p7DKiieyypqHuwyq,1,0,FALSE
p7hXZx8EBSuhwwtZ,1,0,FALSE
p8k9blONgo1wBv8Y,1,0,FALSE
p8pi1xotkYEhtaDk,1,0,FALSE
p9cZFgZeaIJawmkv,1,0,FALSE
pB1vj7xuFqDMN6DN,0,0,TRUE
pBAY9pzuTcfy4b7D,1,0,FALSE
pbi63kjDxbjf6G5c,1,0,FALSE
PByq0jPQ48hLJp3r,1,0,FALSE
PCrJc9z7B1EHpgvU,1,0,FALSE
pdCMR0sYdgUMr2ST,1,0,FALSE
PdDCXlXWTpkxxGrT,1,0,FALSE
PDfVAc8aJrZ5GhnR,1,0,FALSE
PDREuFcPIzE3O4S1,1,0,FALSE
pDwRnr8QihP345DP,1,0,FALSE
PETXDflEX2Be05ws,1,0,FALSE
pEu6wttm5Dtwdh59,0,0,TRUE
PeYoWVnVdO6MrZzE,1,0,FALSE
pF1p07OQ2HclpWTk,1,0,FALSE
pfBEqn0wWofItQ5j,1,0,FALSE
PFdjhJEr9ycbdMPm,1,0,FALSE
PFItbTWkFJicB6iH,1,0,FALSE
Pfjg9FUUG5Zw8aXB,1,0,FALSE
pFWkuwjqY4X338Qr,1,0,FALSE
pg4CTGBxzLDqXrv6,1,0,FALSE
PHBQSBCrkWQEvalU,1,0,FALSE
PhesOKJVuXEUJt21,1,0,FALSE
pHSXhK22IfTTTeY0,1,0,FALSE
pHUTiijHw4ptHZuM,1,0,FALSE
pHZC0OyF58uLAOF8,1,0,FALSE
pI0wnERV5MORB227,1,0,FALSE
Pi8qL0fJz0bfd4Qq,1,0,FALSE
pIhzLuM8rtE1ZTez,1,0,FALSE
PIyrLeR9MyLYLspO,1,0,FALSE
pJLcx3vheOUy22em,1,0,FALSE
PjuG8qaDV4sUrSsI,1,0,FALSE
PK5x0eEsFIgWchN0,1,0,FALSE
PkJhXewDwLF7Savp,1,0,FALSE
PkjiiEPwruLX9QO0,1,0,FALSE
PKkFfEJ95DvJWISj,1,0,FALSE
pKrxTsEz3SNsi1fS,1,0,FALSE
Pl6jO6jFz7OLoyBQ,1,0,FALSE
plcsidS14NcLUkBC,1,0,FALSE
PLDGtKJMcQzvnUVp,1,0,FALSE
PLnFfRUBEa5Si9LC,1,0,FALSE
pLr70Ei7IaJCqk4p,1,0,FALSE
plSbgjZUHVpcTLU4,1,0,FALSE
Pm4p64UreUjEfFV2,0,0,TRUE
Pm8fmrNmeKcfeDFv,1,0,FALSE
PmDAoY6nz9b7R5uw,1,0,FALSE
pMTjK13dZLmmWvPL,1,0,FALSE
PnJhJ4F4v1MfohT8,1,0,FALSE
Pnnt4ABXFw3zwhQy,1,0,FALSE
PNp98Cf9zofPmP0J,1,0,FALSE
PokR2Yo10pxoHi4v,1,0,FALSE
PooK03e7ooeRIOa5,1,0,FALSE
ppMa62giiS50ybtH,1,0,FALSE
PpyKQPynALIo5w3o,1,0,FALSE
pR2LI58ifdwrBC0g,1,0,FALSE
pr4jSmLjFv9Jr4qr,1,0,FALSE
pRAoUhMDQph8Bxaf,1,0,FALSE
PrBGtpHooVuB4amc,1,0,FALSE
prj4ye54GH2hgqIC,0,0,TRUE
pRmplJG7h62c3uio,1,0,FALSE
Ps3GBfULVBV314hn,1,0,FALSE
pTm9XLPeKjC19V8B,1,0,FALSE
PtMVd59Rkz1Rzv9t,1,0,FALSE
PTTECplolNbIZq2J,0,0,TRUE
PtXM7aUTu3GuC0RX,1,0,FALSE
PTzJTv8itftuuDCK,1,0,FALSE
pu2Ji4on6r9C031G,1,0,FALSE
pu2Uuawgk3hP2F2s,0,0,TRUE
pU8EviMCwiVPZgHq,1,0,FALSE
PUBZAHnTemMLzrpn,1,0,FALSE
pUCVNLByUCPXHwEV,1,0,FALSE
pugGcdSJhdlOR7Wr,1,0,FALSE
pUZaC9BEeBU9BvXr,1,0,FALSE
pv2URaLs6P8VNt1t,1,1,TRUE
PVSIiV0eHkH0ZctG,1,0,FALSE
Pw5wJSf8zdKvwADV,1,0,FALSE
PWEsraeQi1IQQnPW,1,0,FALSE
PwGCVFHpqE48mIZn,0,1,FALSE
PWhif5Cj91Jn5aiU,1,0,FALSE
pWkCb1WmmDnuha6U,1,0,FALSE
PwOlNc0fje9WYBph,1,0,FALSE
PxlsYvJz9VpAN5wk,1,0,FALSE
PxpYpjpyqfjJArFG,1,0,FALSE
pXTulXGI6qFSvGCv,1,0,FALSE
py5Pz3DDilGTf6wV,0,0,TRUE
py6p82LSrIQmaB0N,1,0,FALSE
PYJdOSaRztVR28YI,1,0,FALSE
PYK6dBZEXbHMayEs,1,0,FALSE
pykwcLu4ICEZmbA2,1,0,FALSE
PYnOLsR0UA4Eta4A,1,0,FALSE
pYo5kvGURqD72tl8,1,0,FALSE
pyU4YL1bN3KhOdef,1,0,FALSE
pyZbZxH85vw8b6DQ,1,0,FALSE
pzk1qmB8iXMpJrll,1,0,FALSE
pzLGpaVWHbIMAzWl,1,0,FALSE
q0vVX648v6d60AMp,1,0,FALSE
q1dWAxep1cfyq8hh,1,0,FALSE
q1uJ51IWg9CVgtX8,1,0,FALSE
q2g7kKkXkzoPwZ3n,1,0,FALSE
Q3fq9qLeS3IYSCJ5,1,0,FALSE
Q3SVc7wwChFGK7eO,0,0,TRUE
Q40I59ymSoCC2bm9,1,0,FALSE
q4jDDGHt6vB9v788,1,0,FALSE
Q4S8kjwE9yxdHKut,1,0,FALSE
q6jc6IrYdxzAaoZU,0,0,TRUE
q6OWKkUuD4yEl4b3,0,0,TRUE
q73vGtjKJuBKl7Gb,1,0,FALSE
Q762QJHX17l8SQ8X,1,0,FALSE
q7jbETYaUtXWkhNc,1,0,FALSE
q7lQjrnIJmbjsDDg,1,0,FALSE
q7OlXKyDwrWyXM9a,1,0,FALSE
q8V8Z5CQtiEnQ120,1,0,FALSE
Q97EKck3hirETiUM,1,0,FALSE
Q9E1CpR4zQa8BesH,1,0,FALSE
Q9X72awiOGVuyU9B,1,0,FALSE
QAAAe6PkAtANuaAp,0,0,TRUE
qaaCVX8H9H2coLNx,1,0,FALSE
qaC188fMOfBcaG9N,1,0,FALSE
qaKyCRZpjsMnfnyt,1,0,FALSE
qB5dEpSNDjFhzcM7,1,0,FALSE
QBfDXUYBT4NiWpLh,1,0,FALSE
qbgU0OaHv26KWw9k,1,0,FALSE
qBgXMo5b8Btl8qbF,1,0,FALSE
QbjpqLP3lbRuZmnZ,1,0,FALSE
qBJrtaQ1EmA5paZs,1,0,FALSE
qBM8urJoVHN6gFWa,1,0,FALSE
QbNxa0Zbtf3PCYEY,0,0,TRUE
Qc0iHPHLvBKO0WtJ,1,0,FALSE
QCaAHVYRtageE4nI,1,0,FALSE
QcIwoxxcJuT82Qpn,1,0,FALSE
qcKOUiV640BUel0g,1,0,FALSE
QCUx5LerKicqwbx0,1,0,FALSE
qDfGIVCzNB4m34KT,1,0,FALSE
qdUWXA5W6PziWwJw,1,0,FALSE
qe0K4vMzdihIucSm,1,0,FALSE
qE6tAKVJSmuy3vhW,1,0,FALSE
qEiRbkKkA1nUXsK3,1,0,FALSE
qf5RAa5Qz2wfTp5A,1,0,FALSE
QffGk3Hf1pSxRn45,1,0,FALSE
QfKoF1R6K08F5Rx9,1,0,FALSE
Qfwb5smSP4sRrHDb,1,0,FALSE
qglRMdUyF0UxeFYJ,1,0,FALSE
QGwNeC915jcMdWHV,0,0,TRUE
QhAw4BbdTKwBD7n8,1,0,FALSE
QHBnccMNJbw3QbfJ,1,0,FALSE
qHylUIGWQjZn2qqI,1,0,FALSE
qIzScTQVNLp38nFV,1,1,TRUE
qJrB2WSZJnn6U9z9,1,0,FALSE
QKBP3o4s040osbUw,1,0,FALSE
qKUqLywRD742954D,1,0,FALSE
qKy0RaWuTABXNKpe,1,0,FALSE
QlBcqLSCXPaoq2Rw,1,0,FALSE
QlZIncmMzPm8y1bH,1,0,FALSE
QlZyrna5eqhdCHWG,1,0,FALSE
qMBevXp1ejV6PuWX,1,0,FALSE
qNPMAf3fSJWrPFIO,0,0,TRUE
qnQguHfm0ldvp33R,1,0,FALSE
QnQvR8dqLUlWCksE,1,0,FALSE
qNrsPh5JYy3ZwixW,1,0,FALSE
qnTF2O7mpmY00P9m,1,0,FALSE
qobpggNMVFiqMGme,1,0,FALSE
QoW9DXfmnrTSe8lB,1,0,FALSE
QowEOMgWd45C59xJ,1,0,FALSE
QOzM7oyQYiO9ocJA,0,0,TRUE
QPaxAQQ116E1GOMg,1,0,FALSE
qpMTxGbrVo3iEQsq,1,0,FALSE
QpRCXFIkCJI73Fqi,1,0,FALSE
QPRwsXipzDr0Fu43,1,0,FALSE
qQ1Tc0kj8mBoTyfq,1,0,FALSE
qq3D8kjXcWF3rpkH,1,0,FALSE
qQ9QF0TtdmZdxYB2,1,0,FALSE
qqeSzqLWngrSg4HI,1,0,FALSE
qqhW8Xc94LYQEqdC,1,0,FALSE
QRbNgwbAibbsDsbh,1,0,FALSE
QRIqdRXPdstnpObk,1,0,FALSE
qrRI4ReIknL1ku9I,1,0,FALSE
qs93WIVG9fXwc8n7,1,0,FALSE
qSf8ea9gzb1Q2Eyl,1,0,FALSE
QSm9qWOGHjhs3Pvc,0,1,FALSE
QSw7isiO2n4mARao,1,0,FALSE
qSXVTTl0ZTSaKSmC,1,0,FALSE
QT0T70vvXbNCGZpo,1,0,FALSE
qt78gKCRUV0hJzGE,1,0,FALSE
qTSwxHGCsWbuS8Ra,1,0,FALSE
QtZPifYirBryOFx8,1,0,FALSE
Qu3N7B1oYUrftTPs,1,0,FALSE
Qu3YfDTWNvFWDDsA,1,0,FALSE
qu8rMTIVYemNVmGF,1,0,FALSE
qUa688wUoWIKkMrw,1,0,FALSE
QuIi3rflhlsDHc6O,0,0,TRUE
QuTSt6Kw0Cn17TZH,1,0,FALSE
QV6UNjXJAOEuKbJX,1,0,FALSE
Qvb45np8iHjjSuMy,1,0,FALSE
qvkWm9IysZAjrei2,1,0,FALSE
QvPr8G7y2oSvREXu,1,0,FALSE
QvQtIFs8UEFbN7Sv,1,0,FALSE
qVtgBvwzLP5X0WtU,1,0,FALSE
QvuSd8sHnvRZP3LY,1,0,FALSE
qvyeSyWZum4qOS5z,1,0,FALSE
QwC42xpUNfMPRlnS,1,0,FALSE
qWT7DKMCpKL4wWeo,1,0,FALSE
qWyEuUH2sxMsKUuE,0,0,TRUE
QX1Tg5Wz2VMDQGfL,0,0,TRUE
QxfnAl7LE4tH5ZNk,1,0,FALSE
QXmizAoHJIdh4f8m,1,0,FALSE
QxvzP31rI33JP4YS,0,0,TRUE
Qy0j6PJpaJJtWaIQ,1,0,FALSE
qy9NcSQO8oULCEJZ,1,0,FALSE
qYdXipkovBQi7U4n,1,0,FALSE
QyFq8WWyFqUPsoBN,1,0,FALSE
QyqEzRdGWzPtk02z,1,0,FALSE
qysDFVqQ5aKPHZyU,1,0,FALSE
Qyt548KUe4iXgwHo,1,0,FALSE
QZ5WrSVU0lyFmiyE,1,0,FALSE
QZeMqiiOlwlzVoru,1,0,FALSE
qzqhaFEnfaGAFY1G,1,0,FALSE
qZS4bN9kb7558Y03,1,0,FALSE
R0EHY9osUjRascmd,1,0,FALSE
r0vG5loeFwi4ytbg,1,0,FALSE
r14kvk6ff8diGuCu,1,0,FALSE
R2dPRI6T9bWZe8Hj,1,0,FALSE
r2U3t8TIYrOZOn0l,1,0,FALSE
r3Gag2sHH0hUDCO5,1,0,FALSE
r4av4IAJKShQVjaF,1,0,FALSE
r4iBXGaEehbghFvm,1,0,FALSE
R4iFJW36O8wTcJ0b,1,0,FALSE
R4kAOYU7UyEBZ0Ky,1,0,FALSE
R4niupojinRdAV5b,0,0,TRUE
r4qMcK4EmSRZTlSe,0,0,TRUE
r5A66mXqChpw1O9M,1,0,FALSE
r5DF3CzP9VZqqx3S,1,0,FALSE
r5HwhLRORXJ2I9cC,0,0,TRUE
r6EIBbdCZb5ASWuF,1,0,FALSE
R6rnhnBrkqimWSyb,0,0,TRUE
R6TqmUezL8CsATUT,1,0,FALSE
R7SnPEujKTdiMXtA,0,0,TRUE
R8fsWvkfx2WpXcOd,1,0,FALSE
R8K9wCUO6jv5Ycqx,1,0,FALSE
R9gqnrO5lBak7S4s,1,0,FALSE
r9i1lFWUXevLduSV,1,0,FALSE
r9TJuS0d6HiS5b8G,1,0,FALSE
r9Vzz31hp9DmPoAa,0,0,TRUE
r9zm8nLjV7iGy4iP,1,0,FALSE
rAThSvGXAtOdQCgq,1,0,FALSE
RAUUWRLgADxtCRMn,1,0,FALSE
rbe4vP79XTO2ykpB,1,0,FALSE
RbEM2BnZJ614vWyG,1,0,FALSE
rBmfezIa4O7O7pK9,1,0,FALSE
rC0JKbGu75VaCHJt,1,0,FALSE
RCvLGWDY1se8oGUz,1,0,FALSE
RCXczWdrWVORT0Xc,1,0,FALSE
Rd1G6UdYqoI5wU6a,0,0,TRUE
rdMzeAxzks43mg2N,1,0,FALSE
rDZrjsnfWNmRx2eG,1,0,FALSE
Re1EepF1Ptw1rWpM,1,0,FALSE
REhV9wiqgn30VFXu,1,0,FALSE
rEOAXNzVpupHXKc9,1,0,FALSE
reOfUwmHVwtR2JzG,1,0,FALSE
rEw9Zwc041RsTZRV,1,0,FALSE
RF1VlbIGOiybc4Vm,1,0,FALSE
rFGG3Wb6RLvBWUAO,1,0,FALSE
rFOTAoFwrVv6OlHy,1,0,FALSE
rfreR6wfcz6d5DaP,0,0,TRUE
rfTx5TvHeQXRpfZk,1,0,FALSE
RgNQU3ob0IwFDL3b,1,0,FALSE
RGNuV7DFAhHhHkVs,1,0,FALSE
rgPncreU6rU7lO5h,1,0,FALSE
rGVwW6tTZxrpPADO,1,0,FALSE
RH12k47wGx1QnjMy,1,0,FALSE
Rh720cXBUIjcAHZE,1,0,FALSE
RHjvuojhqwssHO9F,1,0,FALSE
rhJXC2v2amhrA8xD,1,0,FALSE
rhWf8V3tJnX23OLG,1,0,FALSE
RhyEeqrfcOTFnt6z,1,0,FALSE
RikiveSw3GOCogLG,1,0,FALSE
rikuhnO7fdkTMQCa,1,0,FALSE
RISQFRZHBLFVWyQo,1,0,FALSE
RjBsMEzBjT1T6fYN,1,0,FALSE
rJEVaYJVUkUQud8L,1,0,FALSE
rJF1sJ0NWcrWv5C2,0,0,TRUE
rjh2rMdJ8rEF7Rv5,1,0,FALSE
RJOLdofUdAyR40Wp,1,0,FALSE
RkqxtR8i7XvFPrXQ,1,0,FALSE
Rkxlo0mSSykPd7VY,1,0,FALSE
Rl1FAGn8ZzWLaOri,1,0,FALSE
RLESR9yp7sHXm9aU,1,0,FALSE
RLNHio9KGVQ6f2gI,1,0,FALSE
rMINSpo5tu53SbuW,1,0,FALSE
rMqNPmwF9TtWE6lz,1,0,FALSE
RmRPmniVnJmC9kps,1,0,FALSE
RMTEKF9v1zMbUQ2A,1,0,FALSE
rmTQ5glUJZEVrGd3,1,0,FALSE
RMW68K0ZAKYkxpo8,1,0,FALSE
rNHCZGWkOnAbozo4,1,0,FALSE
RNqDtVSVYayRXQCA,1,0,FALSE
rntgtLIJCdPE2adF,1,0,FALSE
rO2ADcTCGYuHipJF,0,0,TRUE
rOJXG6QR6fjzTfHu,1,0,FALSE
rOLOnJwBoG0T2QPA,1,0,FALSE
rOrC1ANvzMiZFUX6,1,0,FALSE
rOsVXXHBJIuQsPO7,1,0,FALSE
roZXFNwhmwfHa7y0,1,0,FALSE
rP010yrlCHMUTGg5,1,0,FALSE
RpalGBhvq9HtxtDH,1,0,FALSE
RpaTGJIyJur4hT0T,1,1,TRUE
RpkFkGdZLnwVIoxC,1,0,FALSE
rPx1B5WuewPncBQ8,1,0,FALSE
RPXOgrwROfYGBU7e,1,0,FALSE
RQ6binIWVvpjbYfa,0,0,TRUE
RqxUXTarCyyLkrhI,1,0,FALSE
RRJwqPKr575pm24x,0,0,TRUE
rRjyuVKyeuW2MdrN,1,0,FALSE
RRmxcj1DCpVTe4Pc,0,0,TRUE
RrpxlqQOL94PKDFu,1,0,FALSE
RsoOyr0SxTqKOT9q,1,0,FALSE
rSwrLGzVrCyIcH3X,1,0,FALSE
rTfZ3tBcHe4soebR,0,0,TRUE
RTkXqZbEFGip3vod,1,0,FALSE
RTlLIq1ZWJwqZFwz,1,0,FALSE
RTXcpHSc5MrVBRIY,1,0,FALSE
RU8fHfhrtTVFCLhr,1,0,FALSE
RUTeg9i8nkmLn2cg,1,0,FALSE
rvMy5Zr90dPbniXg,1,0,FALSE
RVRZ4NMpBqWcHx9T,1,0,FALSE
RWdDPNOGFKZj1Oia,1,0,FALSE
RWFA3Q5Nzoy0KMLg,1,0,FALSE
rWwuKBDFW7r7yoWD,1,0,FALSE
rXCnPL6uo3x7ERDn,1,0,FALSE
RXeUW0gdkkfR0ZLc,1,0,FALSE
rXM6Yt0kiSXEAbVr,0,0,TRUE
rxsLlJOui1GoTyUF,0,0,TRUE
rxv8hwQiz80ZHb5C,1,0,FALSE
rya4tmBkza9zFVmT,1,0,FALSE
RYaYbdF6CWp9iphX,1,0,FALSE
RYLE96KDRvnd6dyh,1,0,FALSE
RyN1v5MOBVmO7why,1,0,FALSE
rynR3RpYh4a9hPIi,1,0,FALSE
RYSBnIFulfJ38rtU,1,0,FALSE
RZ5i5mGHkW0YtpTo,1,0,FALSE
RZcS50iPowgSmCib,1,0,FALSE
RzL2V7Uhh9H2y7WP,1,0,FALSE
rZOcclBYKZEhwDul,1,0,FALSE
rzvoANojCNKGt2eA,0,0,TRUE
RZvzCW6aLDr7m0W3,1,0,FALSE
s0DtexSWlfQxH5mI,1,0,FALSE
s0llDxwSAGiaSoFv,1,0,FALSE
s0OZcdknypFwkBlX,0,0,TRUE
s0TdRIJZBlRoAEUk,1,0,FALSE
s0vJI2kaMxsMINgD,1,1,TRUE
S1mjv2iUvQBUNrvp,1,0,FALSE
s1yFjt92bg1PG0OH,1,0,FALSE
s3BeVJ0PR9mOA3lE,1,0,FALSE
S3ZrO6OHbokvjuEZ,1,0,FALSE
s4RlE63lgpYnk2zr,1,0,FALSE
s4vPde5ybuhzV96s,0,0,TRUE
s5NslQM43tuN0V6G,1,0,FALSE
s5UuZPGNMUGaxvnd,1,0,FALSE
S5uXS3OJ58LLY8l5,1,0,FALSE
s6CQpGKHylLwBOYX,1,0,FALSE
s6Q2ytkBeX4ta6Bj,1,0,FALSE
S778cE5WoUZq9lRI,1,0,FALSE
s7UM1QW12xkqe8e7,1,0,FALSE
S7vBZkX0jAi4nnml,1,0,FALSE
s8A3quyEYKyvUuIs,1,0,FALSE
S8BMr5DyI0clAc2u,1,0,FALSE
s8CLLImtZwY8XTng,1,0,FALSE
S8JmNZM9PIADJc6E,1,1,TRUE
s8UFDbim1A9QLJhU,1,0,FALSE
S9iRDZilDAfLNIJL,1,0,FALSE
S9Kp5mfbZTOCMOO6,1,0,FALSE
S9U2XhZhGyMWP2fD,1,0,FALSE
Sa3Nv4kJZG2F20Ud,1,0,FALSE
sa9F6PhhEzhqfWP6,1,0,FALSE
sAcJ62g6GC4WVdPW,1,0,FALSE
safKhBd2lshMoOca,1,0,FALSE
SAIuDIWWYiOk4Ipn,1,0,FALSE
SAPfZcJGeYxihLU1,1,0,FALSE
SavULG56M1wlrRad,1,0,FALSE
SaWb8qMdAGQJCYW2,1,0,FALSE
sbO4xkL2HTmrDW3V,1,0,FALSE
sBoxkheDeaTo6HTz,1,0,FALSE
sbW4HT0uNRmXyIFR,1,0,FALSE
ScdFWDSLAUPcpAaL,1,0,FALSE
ScfRnCkMHAD8pY3r,1,0,FALSE
sCkZ32KKZDyYwRb8,1,0,FALSE
SdCHtJ272tKvYPJv,1,0,FALSE
sDeGNlsy2J1EWGfD,1,0,FALSE
sdf9g3TereOyhMXO,1,0,FALSE
SDOHl5PqJ40BPoJE,1,0,FALSE
se0UB7XBxyOhQIDP,1,0,FALSE
sEHpQoAgNEh0ksfi,1,0,FALSE
sEYTE35Dp6aH3aHp,1,0,FALSE
sfcHlI4mZ3DpksSz,1,0,FALSE
sfhuiRr2ViIhFa3h,1,0,FALSE
sgCS2PuNwYglf4UF,0,0,TRUE
SGelapXecjQEPGag,0,0,TRUE
sGI3jgTdRfbKC6zV,1,0,FALSE
SGpIZCbQ36DJKAXO,1,0,FALSE
sh36xWhmsVqRbGLF,0,0,TRUE
SHasmryLpRjGWUtt,1,0,FALSE
ShedSzCouQqvmWrd,1,0,FALSE
SHgUF5jMXApYDHuw,1,0,FALSE
ShIIER3gmB2ppqSj,1,0,FALSE
shILaLqNyelX5w3j,1,0,FALSE
ShPCo88VZjXqVUrE,0,1,FALSE
SicO2j0wXKasF3XL,1,0,FALSE
sj4d6nzs4fZ2EN7e,1,0,FALSE
SJ6LA6Yp8ACqNseW,1,0,FALSE
sJeRay2aQTWupiFq,1,0,FALSE
sJkLLZdryG8jhVjz,0,0,TRUE
SJL2FF0TGrmd6K4K,1,0,FALSE
Sjm0oXHUTe4nxDf6,1,0,FALSE
sjylTqgPdhVOOenX,1,0,FALSE
Sjz6PUU94ezl1kW6,1,0,FALSE
sJZATOCv7CDR2iyF,1,0,FALSE
SK6FPQoSyiGnQDbP,1,0,FALSE
SKfTuL5Ssdzy66Rx,0,0,TRUE
skNk5vM9KCZd9TKS,1,0,FALSE
sKsqKy15gXQVOowV,1,0,FALSE
SKvYCjkdKDDsbYJn,1,0,FALSE
SKVYcPIOELs6EzuX,1,0,FALSE
Sld0TnCPyWs2i4K9,1,0,FALSE
sLHrj1rxz6BlnHNs,1,0,FALSE
Sm9YfxRldtNAa1UJ,1,0,FALSE
SmTf1i9h4y1azZhy,1,0,FALSE
SMWXCrCv9jAR8ixx,1,0,FALSE
SnGMNtnPuh3U2vGF,1,0,FALSE
SnjLpnSrJZbwPISU,1,0,FALSE
SokCMfMylNHYzKfq,1,0,FALSE
SoMwey4uQO81EUC0,0,1,FALSE
soOYdyyQQ7FEi7dX,1,0,FALSE
SoTl4iUYY7R9xzv3,1,0,FALSE
sOtWcBvVgfynP45r,1,0,FALSE
SovUbo2JyzR5HOhN,1,0,FALSE
sP7559jeEz1l0kmU,1,0,FALSE
spaNImUocb763yG9,1,0,FALSE
SpcG9XMBw6D0YmUb,1,0,FALSE
spdU1WEBoaX5rj61,1,0,FALSE
SPNP3lJpoOIdByVn,1,1,TRUE
SpNThP968Jmu3JMi,1,0,FALSE
SprAUHnPGPqp37K6,1,0,FALSE
sPrH4al9sPfUmtdf,1,0,FALSE
sqIYDQypjUecqw7O,1,0,FALSE
sQmONlZUmZsDEfAm,1,0,FALSE
SQzrcprMJD4o3GG6,1,0,FALSE
SreNl2vXtXJ09d5c,1,0,FALSE
SrN2jloR1fEuc5xL,1,0,FALSE
sRuHTHAQY7QImF99,1,0,FALSE
sSkYryLqwAqNIktt,1,0,FALSE
SsSWBXi6O8TskCO7,1,0,FALSE
StLc6GlcCglly8Ux,1,0,FALSE
stvnhGItifRnZMkm,1,0,FALSE
sTxQ30JAc1pI3br1,1,0,FALSE
Su7nXV11qgGOgB6M,1,1,TRUE
suok5MNlvIqWSuJF,1,0,FALSE
sUs43evvTZ0jFSed,1,0,FALSE
SUTuWVpYUY8vgp8b,1,0,FALSE
SvSbZg1go1A9OZbU,1,0,FALSE
SvvD7py5r8Q8M4gd,1,0,FALSE
sVY8dNVkBe3aZCk1,1,0,FALSE
swY70oxYIIwt2m1Z,1,0,FALSE
sx5rH8xwItI0E7MF,1,0,FALSE
Sx7XItFgOXnsCYvg,1,0,FALSE
SxbHiUQN8ImbB7l1,1,0,FALSE
sXcROkwfn6P4Qo0f,1,0,FALSE
Sxm8zSJYqdEj73rC,1,0,FALSE
sXpIcfJaD6oyci7t,1,0,FALSE
Sz6SCzP6jLkNeIDD,1,0,FALSE
Szaakx7SfGOUGeT4,1,0,FALSE
SzKMM9lRbkbf7s79,1,0,FALSE
szY3bLEchrzxlRM9,1,0,FALSE
t0fsShKvN6YltkoL,1,0,FALSE
T0g1NBtNWIlyAwq0,1,0,FALSE
t0Luxxzmv030uMOY,1,0,FALSE
t1LzL7lsQX60B4d5,1,0,FALSE
T1vNqL0faXi0XsDj,1,0,FALSE
T2iNCKfzWmQDdrbK,1,0,FALSE
t3UDbWWnUxcyn3cV,1,0,FALSE
t4MYlB6zoF4CF9LK,1,0,FALSE
t55UVuhnN7tacTLt,1,0,FALSE
t5eZ5HJbZIUQh6AN,1,0,FALSE
T674y9SeN3TA6ocz,1,0,FALSE
T6oLnFHUXoE2Mhx8,1,0,FALSE
T76IhQSJtS43EQoG,1,0,FALSE
T7HJ3oYejf4QFbOl,1,0,FALSE
t7s11PeXcffCBjnP,1,0,FALSE
t7siFNiU80oajbaG,1,0,FALSE
t7SzcV0YumvTi822,1,0,FALSE
T8eu3Xq9p2JUywqM,1,0,FALSE
t8vBZ9Jqjgx59otO,1,0,FALSE
t92KF7bN2ISrRsiD,1,0,FALSE
T9GQy11GrQAsMfkq,0,0,TRUE
t9oJqGLcO3K8YlW0,1,0,FALSE
TAcyLeAMFjFtm9I2,1,0,FALSE
TAMPzt62pDss5Xje,1,0,FALSE
TaWvz8DSBGu6CPSD,1,0,FALSE
tBP0XqFNNTlmGmXq,1,0,FALSE
TBpQu8w4VtQkU2Ic,1,0,FALSE
tcdBESYXTZKVDTWn,1,0,FALSE
TCeNGKVriToCdi4i,1,0,FALSE
TCMVA2FGCVMkCXf8,0,0,TRUE
TCQ1TzAV2kMCxVek,1,0,FALSE
TD8wcwBJQT98wEoP,1,0,FALSE
tdcu25qoZwc8oV6s,1,0,FALSE
TdkDn9Jyk3eh213C,1,0,FALSE
TdQnLE00HQfdMryz,1,0,FALSE
TELtjqOxuOhLS1nE,1,0,FALSE
TEnYYFobUXyvx4IW,1,0,FALSE
TEodJrXX5T2m02gA,1,0,FALSE
Tfg3oOSGwgtUvjTd,1,0,FALSE
tfn2tHgsIp025Fug,1,0,FALSE
TGcW7TSs1UyP4kXN,1,0,FALSE
Th7q4bC5VG7o0faF,0,0,TRUE
ThjMgrFtdvDfKKfI,1,0,FALSE
tieCCgCqXblWua89,1,0,FALSE
TIFmqA5SbuTbkGcb,1,0,FALSE
tiFZrihsX8Q6PsGz,1,0,FALSE
TiiQrOtyGCVmAQ8E,1,0,FALSE
TIkbGUomgPhlUNEt,1,0,FALSE
tIl7zXjIRGELOf40,1,0,FALSE
TiO9pemKD2e4yVda,1,0,FALSE
TiqIFmd8d45Z21n8,1,0,FALSE
TitYWPcIHbbamIMJ,1,0,FALSE
TJbA2kxF1eNtaDDY,1,1,TRUE
tJKdHp2JBKosfIaf,1,0,FALSE
TjVhs47ymkxTBFy1,1,0,FALSE
TJYH7dK4Aw6uvL6Y,0,0,TRUE
tk0AxUzLdZxGAEbu,1,0,FALSE
tKcHkyzSg9n1dUqP,1,0,FALSE
TL9gdjgZfBCDbANd,0,0,TRUE
tL9Y2qPM6g7ZF3a6,1,0,FALSE
TLu19ozegfgmbixx,0,1,FALSE
TmIHwQEgz7sygpqK,1,0,FALSE
TMWZAT2Ssyj9F5uD,1,0,FALSE
tn1P1XpmwO7gyeTA,1,0,FALSE
TN6AH24aes7YX8CY,0,0,TRUE
TnDwxRyGnUsj58uh,1,0,FALSE
tNiPYsHGg3wYQ8f8,1,0,FALSE
TNUpwxjTnKZD5xh8,1,0,FALSE
tnUQPGvIG2XCMB7S,1,0,FALSE
tOEqNkfx0MixVW1I,1,0,FALSE
tOoV8spYzqAUVC7f,1,0,FALSE
toXA9CIGuTI1cTZ8,1,0,FALSE
tPpcAGk9phVaQTxW,1,0,FALSE
TPsIcWlmaQ7c9TLe,1,0,FALSE
TPsoLTj11P3a61VC,1,0,FALSE
TqFe04Fkh9WDjiLs,1,0,FALSE
TqFxxkNdNDIfPwrT,1,0,FALSE
tQJEqpF4SKNH3vlf,1,0,FALSE
TQnN2DtidGlStJec,1,0,FALSE
tqqXP5KjSyvH6mUS,1,0,FALSE
tQWfPJO4iQA1p2oA,1,0,FALSE
tRCS8Jsulqx9HlIx,1,0,FALSE
tRfMkYM9TUn2DHei,1,0,FALSE
tRN5DZa6tEeBWXZK,1,0,FALSE
trpCnbJbJDinQLI3,1,0,FALSE
TrPWlJVrJK14kmmU,1,0,FALSE
TS1p2szTZ66drcj4,0,0,TRUE
TSBKSRaPjJ407jks,1,0,FALSE
TSbN0ax0HgKg2Zsy,1,0,FALSE
TSRfobXif0RoA7QR,1,0,FALSE
tSt2AqLWUFQiJRp2,1,0,FALSE
tStFIoohdgBhl1FW,1,0,FALSE
Tt1CJoLnYcUUn4ry,1,0,FALSE
ttFWxs3hjGYXTUmn,1,1,TRUE
tu9qCCmu4TM1hQbj,1,0,FALSE
tUKts9xqgFnN6NZw,1,0,FALSE
tv379gWQ5G5TZPYy,0,0,TRUE
TVPupVTQC5ORT2Nx,0,0,TRUE
TvPz4aFPZr8KiIWH,1,0,FALSE
TvUQL2JyVj3jK1TR,0,0,TRUE
twChHi62nqf3GVAA,1,0,FALSE
tWECmrcNMNsmAmPr,1,0,FALSE
tWH2Lx1o7ej1wgW5,0,0,TRUE
TXbZ6uameeNFOhJO,1,0,FALSE
txclVqp1gajnSZL2,1,0,FALSE
txFfM4tNA4sV5JVN,1,0,FALSE
Txq0mCHzDLLJs3RV,1,0,FALSE
tXRpUuWXTnbjgD8G,1,0,FALSE
TXTJrJYA6bj2yIzO,0,0,TRUE
TXUZZ0RtbbbQC1KU,1,0,FALSE
txxXychP60pRYp4s,1,0,FALSE
TXZQo4vGus7WcjnM,1,0,FALSE
TY7bG7vgEbPypTeE,1,1,TRUE
tY8IVSKHzkzr31Vs,1,1,TRUE
TyD0e2E9m9zCkAZV,1,0,FALSE
tyfOIWzRUp5JN4Vw,1,0,FALSE
tYwR33D4vhdYnZuj,1,0,FALSE
TyylVwdZPuxdM5bT,1,0,FALSE
TzOul8FRyVN2VmbP,1,0,FALSE
tZsWuNPqYpmfM9i9,1,0,FALSE
